,text,label
0,10대 여성  호흡정지 증상을 보여 외부적으로 상태가 심각해 보입니다.,1
1,40대 여성  호흡정지 증상을 보여 외부적으로 상태가 심각해 보입니다.,1
2,40대 남성  체표면적 25% 이상의 중증 화상 증상을 보여 외부적으로 상태가 심각해 보입니다.,1
3,40대 여성  자신 혹은 타인을 해치려는 구체적인 계획인 있거나 충동을 억제할 수 없는 상태 증상을 보여 외부적으로 상태가 심각해 보입니다.,1
4,40대 남성  중증탈수 증상을 보여 외부적으로 상태가 심각해 보입니다.,1
5,10대 여성  지금 발작 중 증상을 보여 외부적으로 상태가 심각해 보입니다.,1
6,60대 이상 여성  체표면적 25% 이상의 중증 화상 증상을 보여 외부적으로 상태가 심각해 보입니다.,1
7,30대 여성  호흡정지 증상을 보여 외부적으로 상태가 심각해 보입니다.,1
8,40대 남성  사지의 외상성 절단 증상을 보여 외부적으로 상태가 심각해 보입니다.,1
9,30대 여성  심정지(외상성) 증상을 보여 외부적으로 상태가 심각해 보입니다.,1
10,30대 여성  심정지(비외상성) 증상을 보여 외부적으로 상태가 심각해 보입니다.,1
11,30대 여성  중증탈수 증상을 보여 외부적으로 상태가 심각해 보입니다.,1
12,50대 남성  조절되지 않는 행동 증상을 보여 외부적으로 상태가 심각해 보입니다.,1
13,30대 남성  도주의 가능성이나 안전에 대한 위험 증상을 보여 외부적으로 상태가 심각해 보입니다.,2
14,50대 여성  개방성 골절 또는 신경혈관 장애 증상을 보여 외부적으로 상태가 심각해 보입니다.,2
15,30대 여성  혈역학적 장애 증상을 보여 외부적으로 상태가 심각해 보입니다.,2
16,"40대 여성  열,면역억제 상태 증상을 보여 외부적으로 상태가 심각해 보입니다.",2
17,10대 남성  급성 또는 갑작스런 시력장애 증상을 보여 외부적으로 상태가 심각해 보입니다.,2
18,20대 남성  혈역학적 장애 증상을 보여 외부적으로 상태가 심각해 보입니다.,2
19,"60대 이상 여성  열,면역억제 상태 증상을 보여 외부적으로 상태가 심각해 보입니다.",2
20,10대 남성  혈역학적 장애 증상을 보여 외부적으로 상태가 심각해 보입니다.,2
21,"20대 남성  열,면역억제 상태 증상을 보여 외부적으로 상태가 심각해 보입니다.",2
22,30대 여성  중증 알러지 반응의 기왕력 증상을 보여 외부적으로 상태가 심각해 보입니다.,2
23,10대 여성  패혈증 의증(3 SIRS 기준만족) 증상을 보여 외부적으로 상태가 심각해 보입니다.,2
24,20대 여성  혈역학적 장애 증상을 보여 외부적으로 상태가 심각해 보입니다.,2
25,20대 여성  패혈증 의증(3 SIRS 기준만족) 증상을 보여 외부적으로 상태가 심각해 보입니다.,2
26,10대 남성  패혈증 의증(3 SIRS 기준만족) 증상을 보여 외부적으로 상태가 심각해 보입니다.,2
27,20대 여성  급성/갑작스런 시력 장애 증상을 보여 외부적으로 상태가 심각해 보입니다.,2
28,"30대 여성  열,면역억제 상태 증상을 보여 외부적으로 상태가 심각해 보입니다.",2
29,"60대 이상 남성  열,면역억제 상태 증상을 보여 외부적으로 상태가 심각해 보입니다.",2
30,60대 이상 남성  혈역학적 장애 증상을 보여 외부적으로 상태가 심각해 보입니다.,2
31,"50대 남성  열,면역억제 상태 증상을 보여 외부적으로 상태가 심각해 보입니다.",2
32,20대 남성  목쉰소리와 언어장애 증상을 보여 외부적으로 상태가 심각해 보입니다.,2
33,50대 여성  혈역학적 장애 증상을 보여 외부적으로 상태가 심각해 보입니다.,2
34,40대 남성  혈역학적 장애 증상을 보여 외부적으로 상태가 심각해 보입니다.,2
35,"10대 여성  열,면역억제 상태 증상을 보여 외부적으로 상태가 심각해 보입니다.",2
36,"40대 남성  열,면역억제 상태 증상을 보여 외부적으로 상태가 심각해 보입니다.",2
37,"30대 여성  입술, 혀, 입인두의 명백한 부종/부기 증상을 보여 외부적으로 상태가 심각해 보입니다.",2
38,10대 여성  발작 후 상태 증상을 보여 외부적으로 상태가 심각해 보입니다.,2
39,"20대 남성  자반성 또는 점발진, 아파보임 증상을 보여 외부적으로 상태가 심각해 보입니다.",2
40,30대 여성  경부강직/ 수막자극증 ±열 증상을 보여 외부적으로 상태가 심각해 보입니다.,2
41,60대 이상 남성  손가락의 외상성 절단 증상을 보여 외부적으로 상태가 심각해 보입니다.,2
42,"60대 이상 남성  관통손상이나 화학물질, 직접적인 고열에
의한 손상 증상을 보여 외부적으로 상태가 심각해 보입니다.",2
43,50대 남성  혈역학적 장애 증상을 보여 외부적으로 상태가 심각해 보입니다.,2
44,20대 남성  패혈증 의증(3 SIRS 기준만족) 증상을 보여 외부적으로 상태가 심각해 보입니다.,2
45,50대 여성  패혈증 의증(3 SIRS 기준만족) 증상을 보여 외부적으로 상태가 심각해 보입니다.,2
46,40대 여성  패혈증 의증(3 SIRS 기준만족) 증상을 보여 외부적으로 상태가 심각해 보입니다.,2
47,10대 여성  급성/갑작스런 시력변화 증상을 보여 외부적으로 상태가 심각해 보입니다.,2
48,40대 남성  패혈증 의증(3 SIRS 기준만족) 증상을 보여 외부적으로 상태가 심각해 보입니다.,2
49,60대 이상 여성  혈역학적 장애 증상을 보여 외부적으로 상태가 심각해 보입니다.,2
50,30대 남성  패혈증 의증(3 SIRS 기준만족) 증상을 보여 외부적으로 상태가 심각해 보입니다.,2
51,30대 남성  외상없이 저절로 멍듦 증상을 보여 외부적으로 상태가 심각해 보입니다.,3
52,"50대 남성  비정상 맥박수/맥박압 (혈역학적으로
안정) 증상을 보여 외부적으로 상태가 심각해 보입니다.",3
53,"20대 남성  비정상 맥박수/맥박압 (혈역학적으로
안정) 증상을 보여 외부적으로 상태가 심각해 보입니다.",3
54,"40대 여성  열(아파보임),<3 SIRS 기준 만족 증상을 보여 외부적으로 상태가 심각해 보입니다.",3
55,"20대 여성  열(아파보임),<3 SIRS 기준 만족 증상을 보여 외부적으로 상태가 심각해 보입니다.",3
56,"20대 여성  비정상 맥박수/맥박압 (혈역학적으로
안정) 증상을 보여 외부적으로 상태가 심각해 보입니다.",3
57,"40대 여성  석고붕대가 꽉 끼어 아프고, 신경혈관
장애를 동반함 증상을 보여 외부적으로 상태가 심각해 보입니다.",3
58,"10대 남성  열(아파보임),<3 SIRS 기준 만족 증상을 보여 외부적으로 상태가 심각해 보입니다.",3
59,"30대 남성  비정상 맥박수/맥박압 (혈역학적으로
안정) 증상을 보여 외부적으로 상태가 심각해 보입니다.",3
60,"10대 여성  열(아파보임),<3 SIRS 기준 만족 증상을 보여 외부적으로 상태가 심각해 보입니다.",3
61,"20대 남성  열(아파보임),<3 SIRS 기준 만족 증상을 보여 외부적으로 상태가 심각해 보입니다.",3
62,"60대 이상 남성  열(아파보임),<3 SIRS 기준 만족 증상을 보여 외부적으로 상태가 심각해 보입니다.",3
63,10대 남성  명백한 피부손상 없음 증상을 보여 외부적으로 상태가 심각해 보입니다.,3
64,"60대 이상 남성  비정상 맥박수/맥박압 (혈역학적으로
안정) 증상을 보여 외부적으로 상태가 심각해 보입니다.",3
65,"60대 이상 여성  비정상 맥박수/맥박압 (혈역학적으로
안정) 증상을 보여 외부적으로 상태가 심각해 보입니다.",3
66,"60대 이상 여성  열(아파보임),<3 SIRS 기준 만족 증상을 보여 외부적으로 상태가 심각해 보입니다.",3
67,20대 남성  중심체온 32-35℃ 증상을 보여 외부적으로 상태가 심각해 보입니다.,3
68,60대 이상 남성  중증외상-관통상 증상을 보여 외부적으로 상태가 심각해 보입니다.,3
69,"40대 남성  급성발병, 지속되는 증상 증상을 보여 외부적으로 상태가 심각해 보입니다.",3
70,"60대 이상 여성  정상 활력징후, 위험수치 증상을 보여 외부적으로 상태가 심각해 보입니다.",3
71,60대 이상 여성  이물질의 가능성 증상을 보여 외부적으로 상태가 심각해 보입니다.,3
72,"50대 여성  고혈압(수축기혈압 200-220 그리고
이완기혈압 110-130) 고혈압 증상 동반 증상을 보여 외부적으로 상태가 심각해 보입니다.",3
73,"40대 남성  열(아파보임),<3 SIRS 기준 만족 증상을 보여 외부적으로 상태가 심각해 보입니다.",3
74,"40대 여성  비정상 맥박수/맥박압 (혈역학적으로
안정) 증상을 보여 외부적으로 상태가 심각해 보입니다.",3
75,"30대 여성  열(아파보임),<3 SIRS 기준 만족 증상을 보여 외부적으로 상태가 심각해 보입니다.",3
76,50대 여성  조절되는 행동 증상을 보여 외부적으로 상태가 심각해 보입니다.,3
77,60대 이상 여성  갑자기 보행이 어려움 증상을 보여 외부적으로 상태가 심각해 보입니다.,3
78,"50대 남성  열(아파보임),<3 SIRS 기준 만족 증상을 보여 외부적으로 상태가 심각해 보입니다.",3
79,20대 여성  명백한 변형 증상을 보여 외부적으로 상태가 심각해 보입니다.,3
80,20대 여성  비정상 맥박수/맥박압 (혈역학적으로 안정) 증상을 보여 외부적으로 상태가 심각해 보입니다.,3
81,60대 이상 여성  >3시간 또는 회복된 상태 증상을 보여 외부적으로 상태가 심각해 보입니다.,3
82,30대 여성  경증탈수 증상을 보여 외부적으로 상태가 심각해 보입니다.,3
83,30대 남성  이물질의 가능성 증상을 보여 외부적으로 상태가 심각해 보입니다.,3
84,50대 여성  경증탈수 증상을 보여 외부적으로 상태가 심각해 보입니다.,3
85,"50대 여성  열(아파보임),<3 SIRS 기준 만족 증상을 보여 외부적으로 상태가 심각해 보입니다.",3
86,"40대 남성  비정상 맥박수/맥박압 (혈역학적으로
안정) 증상을 보여 외부적으로 상태가 심각해 보입니다.",3
87,"60대 이상 여성  열(건강해보임), 1SIRS 기준만족(열) 증상을 보여 외부적으로 상태가 심각해 보입니다.",4
88,"30대 여성  열(건강해보임), 1SIRS 기준만족(열) 증상을 보여 외부적으로 상태가 심각해 보입니다.",4
89,"20대 여성  열(건강해보임), 1SIRS 기준만족(열) 증상을 보여 외부적으로 상태가 심각해 보입니다.",4
90,"10대 여성  동상없음, 정상 활력징후 증상을 보여 외부적으로 상태가 심각해 보입니다.",4
91,"10대 남성  열(건강해보임), 1SIRS 기준만족(열) 증상을 보여 외부적으로 상태가 심각해 보입니다.",4
92,"60대 이상 여성  객혈, 건강해보임 증상을 보여 외부적으로 상태가 심각해 보입니다.",4
93,"10대 여성  우울함, 자살 생각은 없음 증상을 보여 외부적으로 상태가 심각해 보입니다.",4
94,30대 남성  국소성 염증 증상을 보여 외부적으로 상태가 심각해 보입니다.,4
95,"30대 남성  열(건강해보임), 1SIRS 기준만족(열) 증상을 보여 외부적으로 상태가 심각해 보입니다.",4
96,"50대 남성  열(건강해보임), 1SIRS 기준만족(열) 증상을 보여 외부적으로 상태가 심각해 보입니다.",4
97,"40대 남성  열(건강해보임), 1SIRS 기준만족(열) 증상을 보여 외부적으로 상태가 심각해 보입니다.",4
98,20대 여성  봉합 필요 증상을 보여 외부적으로 상태가 심각해 보입니다.,4
99,"50대 남성  의료장비문제, 증상이나 불편함이 없음 증상을 보여 외부적으로 상태가 심각해 보입니다.",4
100,"40대 여성  눈충혈/분비물, 급성 증상을 보여 외부적으로 상태가 심각해 보입니다.",4
101,"20대 남성  열(건강해보임), 1SIRS 기준만족(열) 증상을 보여 외부적으로 상태가 심각해 보입니다.",4
102,"40대 여성  예측 FEV1 혹은 PEER이 60%이상인
알려진 천식(경증) 증상을 보여 외부적으로 상태가 심각해 보입니다.",4
103,"50대 남성  만성, 평상시에 비해 변화없음 증상을 보여 외부적으로 상태가 심각해 보입니다.",4
104,40대 여성  만성 감각소실/이상감각 증상을 보여 외부적으로 상태가 심각해 보입니다.,4
105,"40대 남성  석고붕대가 꽉 끼어 아프지만, 신경혈관
장애는 없음 증상을 보여 외부적으로 상태가 심각해 보입니다.",4
106,"40대 여성  열(건강해보임), 1SIRS 기준만족(열) 증상을 보여 외부적으로 상태가 심각해 보입니다.",4
107,"10대 남성  석고붕대가 꽉 끼어 아프지만, 신경혈관
장애는 없음 증상을 보여 외부적으로 상태가 심각해 보입니다.",4
108,"20대 여성  예측 FEV1 혹은 PEER이 60%이상인
알려진 천식(경증) 증상을 보여 외부적으로 상태가 심각해 보입니다.",4
109,"60대 이상 남성  열(건강해보임), 1SIRS 기준만족(열) 증상을 보여 외부적으로 상태가 심각해 보입니다.",4
110,60대 이상 남성  생식기의 분비물/피부병변 증상을 보여 외부적으로 상태가 심각해 보입니다.,5
111,20대 남성  항문/직장 외상 증상을 보여 외부적으로 상태가 심각해 보입니다.,5
112,"50대 여성  만성기침/코막힘, 정상 활력징후 증상을 보여 외부적으로 상태가 심각해 보입니다.",5
113,20대 남성  요통 증상을 보여 외부적으로 상태가 심각해 보입니다.,5
114,"60대 이상 여성  혹,돌기,굳은살 증상을 보여 외부적으로 상태가 심각해 보입니다.",5
115,"50대 여성  치아/잇몸문제, 경증문제 증상을 보여 외부적으로 상태가 심각해 보입니다.",5
116,60대 이상 여성  국소성 발진 증상을 보여 외부적으로 상태가 심각해 보입니다.,5
117,60대 이상 남성  동상/냉손상 증상을 보여 외부적으로 상태가 심각해 보입니다.,5
118,"20대 여성  만성 복부 종괴/팽만, 건강해 보임 증상을 보여 외부적으로 상태가 심각해 보입니다.",5
119,30대 여성  전염성 질환에 노출 증상을 보여 외부적으로 상태가 심각해 보입니다.,5
120,"10대 여성  경증 증상호소, 비특이적 증상을 보여 외부적으로 상태가 심각해 보입니다.",5
121,60대 이상 남성  봉합 필요 없음 증상을 보여 외부적으로 상태가 심각해 보입니다.,5
122,40대 여성  만성 불면증 증상을 보여 외부적으로 상태가 심각해 보입니다.,5
123,"10대 남성  건강해보임, 열 없음 증상을 보여 외부적으로 상태가 심각해 보입니다.",5
124,60대 이상 여성  석고붕대 체크 또는 석고붕대 교환 증상을 보여 외부적으로 상태가 심각해 보입니다.,5
125,50대 여성  상처확인 증상을 보여 외부적으로 상태가 심각해 보입니다.,5
126,20대 여성  눈의 재확인 증상을 보여 외부적으로 상태가 심각해 보입니다.,5
127,30대 남성  기타피부상태 증상을 보여 외부적으로 상태가 심각해 보입니다.,5
128,"30대 남성  만성 구토/구역, 정상활력징후 증상을 보여 외부적으로 상태가 심각해 보입니다.",5
129,20대 여성  안와주위 부종 증상을 보여 외부적으로 상태가 심각해 보입니다.,5
130,10대 여성  눈의 재확인 증상을 보여 외부적으로 상태가 심각해 보입니다.,5
131,20대 여성  코 울혈을 동반한 건초열 증상을 보여 외부적으로 상태가 심각해 보입니다.,5
132,20대 여성  영상학적 검사 증상을 보여 외부적으로 상태가 심각해 보입니다.,5
133,20대 여성  단순변비 증상을 보여 외부적으로 상태가 심각해 보입니다.,5
134,"30대 여성  정상 활력징후, 위험수치는 아님 증상을 보여 외부적으로 상태가 심각해 보입니다.",5
135,"40대 남성  혹,돌기,굳은살 증상을 보여 외부적으로 상태가 심각해 보입니다.",5
136,50대 남성  상처확인 증상을 보여 외부적으로 상태가 심각해 보입니다.,5
137,"20대 여성  경증 증상호소, 비특이적 증상을 보여 외부적으로 상태가 심각해 보입니다.",5
138,10대 남성  요통 증상을 보여 외부적으로 상태가 심각해 보입니다.,5
139,10대 남성  전문진료를 위해 의뢰된 사람 증상을 보여 외부적으로 상태가 심각해 보입니다.,5
140,30대 여성  만성적인 환각으로 인한 경증의 불안/초조 증상을 보여 외부적으로 상태가 심각해 보입니다.,5
141,"50대 남성  만성설사, 정상 활력징후 증상을 보여 외부적으로 상태가 심각해 보입니다.",5
142,"30대 여성  만성 복부 종괴/팽만, 건강해 보임 증상을 보여 외부적으로 상태가 심각해 보입니다.",5
143,60대 이상 남성  경증인 경우 증상을 보여 외부적으로 상태가 심각해 보입니다.,5
144,10대 여성  생식기의 분비물/피부병변 증상을 보여 외부적으로 상태가 심각해 보입니다.,5
145,60대 이상 남성  반지제거 증상을 보여 외부적으로 상태가 심각해 보입니다.,5
146,"10대 남성  비정상 맥박수/맥박압 (혈역학적으로
안정) 증상을 보여 외부적으로 상태가 심각해 보입니다.",3
147,20대 여성  드레싱교체 증상을 보여 외부적으로 상태가 심각해 보입니다.,5
148,30대 여성  패혈증 의증(3 SIRS 기준만족) 증상을 보여 외부적으로 상태가 심각해 보입니다.,2
149,10대 남성  만성 복시 증상을 보여 외부적으로 상태가 심각해 보입니다.,4
150,"20대 남성  경증 증상호소, 비특이적 증상을 보여 외부적으로 상태가 심각해 보입니다.",5
151,10대 여성  혈역학적 장애 증상을 보여 외부적으로 상태가 심각해 보입니다.,2
152,"50대 여성  비정상 맥박수/맥박압 (혈역학적으로
안정) 증상을 보여 외부적으로 상태가 심각해 보입니다.",3
153,20대 남성  중증탈수 증상을 보여 외부적으로 상태가 심각해 보입니다.,1
154,"50대 여성  열(건강해보임), 1SIRS 기준만족(열) 증상을 보여 외부적으로 상태가 심각해 보입니다.",4
155,30대 여성  경증인 경우 증상을 보여 외부적으로 상태가 심각해 보입니다.,5
156,30대 남성  소양증 증상을 보여 외부적으로 상태가 심각해 보입니다.,5
157,40대 여성  코막힘/건초열 증상을 보여 외부적으로 상태가 심각해 보입니다.,5
158,30대 남성  지속발기증 증상을 보여 외부적으로 상태가 심각해 보입니다.,2
159,30대 여성  감염 가능성 확인 증상을 보여 외부적으로 상태가 심각해 보입니다.,5
160,"10대 남성  만성 복부 종괴/팽만, 건강해 보임 증상을 보여 외부적으로 상태가 심각해 보입니다.",5
161,40대 여성  경증탈수 증상을 보여 외부적으로 상태가 심각해 보입니다.,3
162,60대 이상 여성  태아의 일부분이 보이거나 탯줄 탈출 증상을 보여 외부적으로 상태가 심각해 보입니다.,1
163,10대 여성  만성 불면증 증상을 보여 외부적으로 상태가 심각해 보입니다.,5
164,"60대 이상 여성  눈충혈/분비물, 만성 증상을 보여 외부적으로 상태가 심각해 보입니다.",5
165,"10대 여성  전구증상 후 발병 또는 급격한
자세변화시 발병 증상을 보여 외부적으로 상태가 심각해 보입니다.",3
166,"10대 남성  식욕부진, 건강해보임 증상을 보여 외부적으로 상태가 심각해 보입니다.",4
167,30대 남성  코막힘/건초열 증상을 보여 외부적으로 상태가 심각해 보입니다.,5
168,"20대 여성  열,면역억제 상태 증상을 보여 외부적으로 상태가 심각해 보입니다.",2
169,"50대 여성  육체적 학대, 정신적 학대, 심각한
감정적 스트레스 증상을 보여 외부적으로 상태가 심각해 보입니다.",3
170,"10대 남성  경증 증상호소, 비특이적 증상을 보여 외부적으로 상태가 심각해 보입니다.",5
171,"10대 여성  자세변화에 의해 발생, 다른 신경학적
증상 없음 증상을 보여 외부적으로 상태가 심각해 보입니다.",3
172,10대 여성  경증 불안/초조 증상을 보여 외부적으로 상태가 심각해 보입니다.,4
173,"30대 여성  딸국질, 만성, 힘들어 보이지 않음 증상을 보여 외부적으로 상태가 심각해 보입니다.",5
174,"40대 여성  만성 복부 종괴/팽만, 건강해 보임 증상을 보여 외부적으로 상태가 심각해 보입니다.",5
175,"40대 남성  동상없음, 정상 활력징후 증상을 보여 외부적으로 상태가 심각해 보입니다.",4
176,10대 여성  <54mg/dl 증상 있음 증상을 보여 외부적으로 상태가 심각해 보입니다.,2
177,"60대 이상 남성  석고붕대가 꽉 끼어 아프고, 신경혈관
장애를 동반함 증상을 보여 외부적으로 상태가 심각해 보입니다.",3
178,20대 여성  전문진료를 위해 의뢰된 사람 증상을 보여 외부적으로 상태가 심각해 보입니다.,5
179,"20대 여성  손,발,얼굴,회음부 부위의 부분 2도
이상의 화상 증상을 보여 외부적으로 상태가 심각해 보입니다.",2
180,40대 남성  직장내 이물질 증상을 보여 외부적으로 상태가 심각해 보입니다.,5
181,40대 여성  중등도 불안/초조 증상을 보여 외부적으로 상태가 심각해 보입니다.,3
182,"10대 여성  건강해보임, 열 없음 증상을 보여 외부적으로 상태가 심각해 보입니다.",5
183,60대 이상 여성  싸움 또는 안전하지 않은 상황 증상을 보여 외부적으로 상태가 심각해 보입니다.,1
184,10대 여성  고위험성 사고기전 증상을 보여 외부적으로 상태가 심각해 보입니다.,2
185,20대 남성  체표면적 25% 이상의 중증 화상 증상을 보여 외부적으로 상태가 심각해 보입니다.,1
186,10대 남성  사지의 신경혈관 장애 증상을 보여 외부적으로 상태가 심각해 보입니다.,2
187,40대 여성  혈역학적 장애 증상을 보여 외부적으로 상태가 심각해 보입니다.,2
188,"30대 남성  열(아파보임),<3 SIRS 기준 만족 증상을 보여 외부적으로 상태가 심각해 보입니다.",3
189,"10대 여성  비정상 맥박수/맥박압 (혈역학적으로
안정) 증상을 보여 외부적으로 상태가 심각해 보입니다.",3
190,60대 이상 남성  만성 감각소실/이상감각 증상을 보여 외부적으로 상태가 심각해 보입니다.,4
191,"20대 여성  눈충혈/분비물, 만성 증상을 보여 외부적으로 상태가 심각해 보입니다.",5
192,50대 여성  심정지(외상성) 증상을 보여 외부적으로 상태가 심각해 보입니다.,1
193,40대 남성  만성 불면증 증상을 보여 외부적으로 상태가 심각해 보입니다.,5
194,10대 여성  도주의 가능성이나 안전에 대한 위험 증상을 보여 외부적으로 상태가 심각해 보입니다.,2
195,20대 여성  국소성 염증 증상을 보여 외부적으로 상태가 심각해 보입니다.,4
196,50대 남성  패혈증 의증(3 SIRS 기준만족) 증상을 보여 외부적으로 상태가 심각해 보입니다.,2
197,50대 남성  심정지(비외상성) 증상을 보여 외부적으로 상태가 심각해 보입니다.,1
198,"50대 여성  회복된 과다호흡증후군, 건강해보임 증상을 보여 외부적으로 상태가 심각해 보입니다.",4
199,50대 남성  쏘임 증상을 보여 외부적으로 상태가 심각해 보입니다.,5
200,"10대 여성  열(건강해보임), 1SIRS 기준만족(열) 증상을 보여 외부적으로 상태가 심각해 보입니다.",4
201,40대 여성  운동 중 발생함 증상을 보여 외부적으로 상태가 심각해 보입니다.,2
202,"30대 여성  비정상 맥박수/맥박압 (혈역학적으로
안정) 증상을 보여 외부적으로 상태가 심각해 보입니다.",3
203,40대 여성  경증 인후통 ± 후두염 증상을 보여 외부적으로 상태가 심각해 보입니다.,5
204,60대 이상 여성  중증탈수 증상을 보여 외부적으로 상태가 심각해 보입니다.,1
205,60대 이상 남성  눈의 재확인 증상을 보여 외부적으로 상태가 심각해 보입니다.,5
206,60대 이상 남성  전염성 질환에 노출 증상을 보여 외부적으로 상태가 심각해 보입니다.,5
207,"30대 남성  열,면역억제 상태 증상을 보여 외부적으로 상태가 심각해 보입니다.",2
208,"60대 이상 여성  눈충혈/분비물, 급성 증상을 보여 외부적으로 상태가 심각해 보입니다.",4
209,60대 이상 여성  스테이플/봉합사제거 증상을 보여 외부적으로 상태가 심각해 보입니다.,5
210,40대 남성  커피찌꺼기 모양 구토/흑색변 증상을 보여 외부적으로 상태가 심각해 보입니다.,3
211,60대 이상 여성  생리문제 증상을 보여 외부적으로 상태가 심각해 보입니다.,4
212,30대 여성  만성 또는 반복적인 두통 증상을 보여 외부적으로 상태가 심각해 보입니다.,5
213,"50대 남성  만성, 비급성 상태 증상을 보여 외부적으로 상태가 심각해 보입니다.",5
214,"10대 남성  심계항진 병력, 현재는 회복된 상태 증상을 보여 외부적으로 상태가 심각해 보입니다.",4
215,10대 남성  생식기의 분비물/피부병변 증상을 보여 외부적으로 상태가 심각해 보입니다.,5
216,20대 여성  고위험성 사고기전 증상을 보여 외부적으로 상태가 심각해 보입니다.,2
217,20대 여성  급성발병 증상을 보여 외부적으로 상태가 심각해 보입니다.,3
218,50대 여성  눈부심 증상을 보여 외부적으로 상태가 심각해 보입니다.,4
219,50대 여성  경증 인후통 ± 후두염 증상을 보여 외부적으로 상태가 심각해 보입니다.,5
220,"20대 여성  식욕부진, 건강해보임 증상을 보여 외부적으로 상태가 심각해 보입니다.",4
221,"20대 남성  의료장비문제, 증상이나 불편함이 없음 증상을 보여 외부적으로 상태가 심각해 보입니다.",4
222,30대 여성  신경학적 손상 ±장과 방광의 기능장애 증상을 보여 외부적으로 상태가 심각해 보입니다.,2
223,20대 남성  중증 탈수 증상을 보여 외부적으로 상태가 심각해 보입니다.,1
224,50대 여성  새로운 국소적 신경학적 증상 증상을 보여 외부적으로 상태가 심각해 보입니다.,2
225,60대 이상 여성  경증 찰과상 증상을 보여 외부적으로 상태가 심각해 보입니다.,5
226,50대 남성  목쉰 소리와 언어장애 증상을 보여 외부적으로 상태가 심각해 보입니다.,2
227,50대 여성  지금 발작 중 증상을 보여 외부적으로 상태가 심각해 보입니다.,1
228,30대 남성  단순변비 증상을 보여 외부적으로 상태가 심각해 보입니다.,5
229,50대 여성  음경부종 증상을 보여 외부적으로 상태가 심각해 보입니다.,5
230,40대 여성  봉합이 필요한 열상 증상을 보여 외부적으로 상태가 심각해 보입니다.,4
231,50대 여성  소양증 증상을 보여 외부적으로 상태가 심각해 보입니다.,5
232,20대 남성  대처하기 어려운 상태 증상을 보여 외부적으로 상태가 심각해 보입니다.,4
233,60대 이상 남성  임신주수<20주 증상을 보여 외부적으로 상태가 심각해 보입니다.,4
234,"50대 여성  혹,돌기,굳은살 증상을 보여 외부적으로 상태가 심각해 보입니다.",5
235,50대 남성  소양증 증상을 보여 외부적으로 상태가 심각해 보입니다.,5
236,30대 남성  <54mg/dl 무증상 증상을 보여 외부적으로 상태가 심각해 보입니다.,3
237,50대 남성  중증 불안/초조 증상을 보여 외부적으로 상태가 심각해 보입니다.,2
238,"20대 여성  석고붕대가 꽉 끼어 아프고, 신경혈관
장애를 동반함 증상을 보여 외부적으로 상태가 심각해 보입니다.",3
239,60대 이상 남성  패혈증 의증(3 SIRS 기준만족) 증상을 보여 외부적으로 상태가 심각해 보입니다.,2
240,60대 이상 여성  패혈증 의증(3 SIRS 기준만족) 증상을 보여 외부적으로 상태가 심각해 보입니다.,2
241,40대 남성  만성/점진적 시력장애 증상을 보여 외부적으로 상태가 심각해 보입니다.,4
242,20대 여성  싸움 또는 안전하지 않은 상황 증상을 보여 외부적으로 상태가 심각해 보입니다.,1
243,50대 여성  급성/갑작스런 시력 장애 증상을 보여 외부적으로 상태가 심각해 보입니다.,2
244,"50대 여성  만성 구토/구역, 정상활력징후 증상을 보여 외부적으로 상태가 심각해 보입니다.",5
245,10대 여성  경증 찰과상 증상을 보여 외부적으로 상태가 심각해 보입니다.,5
246,20대 남성  적절한 지혈에도 멈추지 않는 코피 증상을 보여 외부적으로 상태가 심각해 보입니다.,2
247,40대 남성  갑자기 보행이 어려움 증상을 보여 외부적으로 상태가 심각해 보입니다.,3
248,50대 남성  점 발진 증상을 보여 외부적으로 상태가 심각해 보입니다.,2
249,10대 여성  장기간의 척추고정 증상을 보여 외부적으로 상태가 심각해 보입니다.,3
250,40대 남성  열 증상을 보여 외부적으로 상태가 심각해 보입니다.,4
251,20대 남성  음순부종 증상을 보여 외부적으로 상태가 심각해 보입니다.,5
252,"60대 이상 여성  저위험 노출, 속이 빈 주사바늘이
아닌경우 또는 저위험 감염원에서
액체가 튐 증상을 보여 외부적으로 상태가 심각해 보입니다.",3
253,"50대 여성  임신주수>20주, 태동없음/태아심음없음 증상을 보여 외부적으로 상태가 심각해 보입니다.",2
254,50대 남성  경증인 경우 증상을 보여 외부적으로 상태가 심각해 보입니다.,5
255,"40대 여성  경증 증상호소, 비특이적 증상을 보여 외부적으로 상태가 심각해 보입니다.",5
256,30대 남성  점 발진 증상을 보여 외부적으로 상태가 심각해 보입니다.,2
257,30대 여성  중증 불안/초조 증상을 보여 외부적으로 상태가 심각해 보입니다.,2
258,50대 여성  신경학적 손상 ±장과 방광의 기능장애 증상을 보여 외부적으로 상태가 심각해 보입니다.,2
259,10대 남성  처방전/투약문의 증상을 보여 외부적으로 상태가 심각해 보입니다.,5
260,20대 여성  다뇨증 증상을 보여 외부적으로 상태가 심각해 보입니다.,4
261,50대 여성  커피찌꺼기모양 구토/흑색변 증상을 보여 외부적으로 상태가 심각해 보입니다.,3
262,"20대 여성  혈중 글루코스<54mg/dl 이고 관련증상을
동반 증상을 보여 외부적으로 상태가 심각해 보입니다.",2
263,30대 남성  혈역학적 장애 증상을 보여 외부적으로 상태가 심각해 보입니다.,2
264,30대 여성  만성/점진적 시력장애 증상을 보여 외부적으로 상태가 심각해 보입니다.,4
265,30대 남성  동상/냉손상 증상을 보여 외부적으로 상태가 심각해 보입니다.,5
266,50대 여성  고위험성 사고기전 증상을 보여 외부적으로 상태가 심각해 보입니다.,2
267,"10대 여성  혹,돌기,굳은살 증상을 보여 외부적으로 상태가 심각해 보입니다.",5
268,50대 남성  만성 복시 증상을 보여 외부적으로 상태가 심각해 보입니다.,4
269,"40대 여성  정상 활력, 증상회복 증상을 보여 외부적으로 상태가 심각해 보입니다.",4
270,50대 남성  코막힘/건초열 증상을 보여 외부적으로 상태가 심각해 보입니다.,5
271,30대 남성  중증 탈수 증상을 보여 외부적으로 상태가 심각해 보입니다.,1
272,10대 남성  임신주수>20주 증상을 보여 외부적으로 상태가 심각해 보입니다.,4
273,"30대 여성  부종/양측성 다리부기, 만성 증상을 보여 외부적으로 상태가 심각해 보입니다.",5
274,30대 여성  분만(자궁수축<2분) 증상을 보여 외부적으로 상태가 심각해 보입니다.,2
275,50대 여성  질내 이물질 증상을 보여 외부적으로 상태가 심각해 보입니다.,5
276,"40대 여성  자반성 또는 점발진, 아파보임 증상을 보여 외부적으로 상태가 심각해 보입니다.",2
277,40대 남성  눈부심 증상을 보여 외부적으로 상태가 심각해 보입니다.,4
278,"20대 남성  만성, 경증 요로감염 증상호소/증상 증상을 보여 외부적으로 상태가 심각해 보입니다.",5
279,50대 남성  만성떨림 증상을 보여 외부적으로 상태가 심각해 보입니다.,4
280,40대 남성  >= 12시간; 손상없음 증상을 보여 외부적으로 상태가 심각해 보입니다.,4
281,40대 남성  국소성 연조직염 증상을 보여 외부적으로 상태가 심각해 보입니다.,4
282,10대 여성  드레싱교체 증상을 보여 외부적으로 상태가 심각해 보입니다.,5
283,30대 남성  사지의 외상성 절단 증상을 보여 외부적으로 상태가 심각해 보입니다.,1
284,20대 남성  관절 부종 증상을 보여 외부적으로 상태가 심각해 보입니다.,5
285,"10대 남성  자세변화에 의해 발생, 다른 신경학적
증상 없음 증상을 보여 외부적으로 상태가 심각해 보입니다.",3
286,60대 이상 남성  코막힘/건초열 증상을 보여 외부적으로 상태가 심각해 보입니다.,5
287,"60대 이상 남성  황달, 건강해보임 증상을 보여 외부적으로 상태가 심각해 보입니다.",5
288,"50대 여성  만성, 경증 요로감염 증상호소/증상 증상을 보여 외부적으로 상태가 심각해 보입니다.",5
289,60대 이상 남성  5-25% 체표면적의 화상 증상을 보여 외부적으로 상태가 심각해 보입니다.,3
290,60대 이상 남성  관절 부종 증상을 보여 외부적으로 상태가 심각해 보입니다.,5
291,"10대 남성  열,면역억제 상태 증상을 보여 외부적으로 상태가 심각해 보입니다.",2
292,20대 남성  과다복용 증상을 보여 외부적으로 상태가 심각해 보입니다.,4
293,10대 여성  쏘임 증상을 보여 외부적으로 상태가 심각해 보입니다.,5
294,10대 남성  사지의 외상성 절단 증상을 보여 외부적으로 상태가 심각해 보입니다.,1
295,20대 남성  중증외상-둔상 증상을 보여 외부적으로 상태가 심각해 보입니다.,4
296,"10대 남성  석고붕대가 꽉 끼어 아프고, 신경혈관
장애를 동반함 증상을 보여 외부적으로 상태가 심각해 보입니다.",3
297,20대 여성  적절한 지혈에도 멈추지 않는 코피 증상을 보여 외부적으로 상태가 심각해 보입니다.,2
298,"50대 여성  고위험 노출, 주사침 찔림, 속이 빈
주사바늘, 에이즈 혹은 간염 바이러스
보균자이거나 가능성 있음, 알고 있는
저위험 감염원이 아니면 고위험으로
간주 증상을 보여 외부적으로 상태가 심각해 보입니다.",2
299,60대 이상 남성  청색증 증상을 보여 외부적으로 상태가 심각해 보입니다.,3
300,50대 여성  만성 또는 반복적인 두통 증상을 보여 외부적으로 상태가 심각해 보입니다.,5
301,50대 남성  급성 불면증 증상을 보여 외부적으로 상태가 심각해 보입니다.,4
302,30대 여성  처방전/투약문의 증상을 보여 외부적으로 상태가 심각해 보입니다.,5
303,"20대 여성  부종/양측성 다리부기, 만성 증상을 보여 외부적으로 상태가 심각해 보입니다.",5
304,"40대 남성  육체적 학대, 정신적 학대, 심각한
감정적 스트레스 증상을 보여 외부적으로 상태가 심각해 보입니다.",3
305,20대 여성  코막힘/건초열 증상을 보여 외부적으로 상태가 심각해 보입니다.,5
306,"50대 남성  치아/잇몸문제, 경증문제 증상을 보여 외부적으로 상태가 심각해 보입니다.",5
307,"10대 여성  석고붕대가 꽉 끼어 아프지만, 신경혈관
장애는 없음 증상을 보여 외부적으로 상태가 심각해 보입니다.",4
308,"10대 여성  정상 활력, 증상회복 증상을 보여 외부적으로 상태가 심각해 보입니다.",4
309,30대 여성  중등도 불안/초조 증상을 보여 외부적으로 상태가 심각해 보입니다.,3
310,20대 여성  뚜렷한 자살의도 증상을 보여 외부적으로 상태가 심각해 보입니다.,2
311,60대 이상 여성  과다복용 증상을 보여 외부적으로 상태가 심각해 보입니다.,4
312,40대 여성  국소성 발진 증상을 보여 외부적으로 상태가 심각해 보입니다.,5
313,10대 여성  열 증상을 보여 외부적으로 상태가 심각해 보입니다.,4
314,50대 여성  석고붕대 체크 또는 석고붕대 교환 증상을 보여 외부적으로 상태가 심각해 보입니다.,5
315,30대 남성  핍뇨증 증상을 보여 외부적으로 상태가 심각해 보입니다.,4
316,20대 남성  단독복부외상 - 둔상 증상을 보여 외부적으로 상태가 심각해 보입니다.,4
317,60대 이상 남성  이명 증상을 보여 외부적으로 상태가 심각해 보입니다.,4
318,50대 여성  봉합이 불필요한 열상/찰과상 증상을 보여 외부적으로 상태가 심각해 보입니다.,5
319,"50대 여성  손,발,얼굴,회음부 부위의 부분 2도
이상의 화상 증상을 보여 외부적으로 상태가 심각해 보입니다.",2
320,50대 여성  음순부종 증상을 보여 외부적으로 상태가 심각해 보입니다.,5
321,40대 여성  요통 증상을 보여 외부적으로 상태가 심각해 보입니다.,5
322,10대 남성  학대의 병력/징후 증상을 보여 외부적으로 상태가 심각해 보입니다.,4
323,40대 여성  명백한 피부손상 증상을 보여 외부적으로 상태가 심각해 보입니다.,2
324,40대 남성  조절되지 않는 행동 증상을 보여 외부적으로 상태가 심각해 보입니다.,1
325,30대 남성  <54mg/dl 증상 있음 증상을 보여 외부적으로 상태가 심각해 보입니다.,2
326,50대 남성  경증 인후통 ± 후두염 증상을 보여 외부적으로 상태가 심각해 보입니다.,5
327,40대 여성  쏘임 증상을 보여 외부적으로 상태가 심각해 보입니다.,5
328,60대 이상 남성  요통 증상을 보여 외부적으로 상태가 심각해 보입니다.,5
329,40대 남성  자신 혹은 타인을 해치려는 구체적인 계획인 있거나 충동을 억제할 수 없는 상태 증상을 보여 외부적으로 상태가 심각해 보입니다.,1
330,20대 남성  신경학적 손상과 동반된 척추 골절 증상을 보여 외부적으로 상태가 심각해 보입니다.,1
331,10대 남성  구체적 계획이 없는 폭력적인 생각(ideation) 증상을 보여 외부적으로 상태가 심각해 보입니다.,3
332,10대 남성  신경혈관장애 증상을 보여 외부적으로 상태가 심각해 보입니다.,2
333,20대 남성  생식기의 분비물/피부병변 증상을 보여 외부적으로 상태가 심각해 보입니다.,5
334,"30대 여성  저체온증,중심체온<32℃ 증상을 보여 외부적으로 상태가 심각해 보입니다.",2
335,30대 여성  단순변비 증상을 보여 외부적으로 상태가 심각해 보입니다.,5
336,10대 여성  스테이플/봉합사제거 증상을 보여 외부적으로 상태가 심각해 보입니다.,5
337,10대 남성  급성 또는 갑작스런 시력변화 증상을 보여 외부적으로 상태가 심각해 보입니다.,2
338,30대 여성  고위험성 사고기전 증상을 보여 외부적으로 상태가 심각해 보입니다.,2
339,10대 여성  이전 중증의 기왕력 증상을 보여 외부적으로 상태가 심각해 보입니다.,2
340,60대 이상 남성  창백함/빈혈 증상을 보여 외부적으로 상태가 심각해 보입니다.,4
341,"40대 남성  만성, 비급성 상태 증상을 보여 외부적으로 상태가 심각해 보입니다.",5
342,"50대 여성  열,면역억제 상태 증상을 보여 외부적으로 상태가 심각해 보입니다.",2
343,"30대 여성  눈충혈/분비물, 만성 증상을 보여 외부적으로 상태가 심각해 보입니다.",5
344,60대 이상 남성  체표면적 25%이상의 화상 증상을 보여 외부적으로 상태가 심각해 보입니다.,2
345,30대 남성  국소성 발진 증상을 보여 외부적으로 상태가 심각해 보입니다.,5
346,60대 이상 남성  조절되지 않는 행동 증상을 보여 외부적으로 상태가 심각해 보입니다.,1
347,30대 남성  봉합이 불필요한 열상/찰과상 증상을 보여 외부적으로 상태가 심각해 보입니다.,5
348,10대 여성  관절 부종 증상을 보여 외부적으로 상태가 심각해 보입니다.,5
349,"60대 이상 남성  만성설사, 정상 활력징후 증상을 보여 외부적으로 상태가 심각해 보입니다.",5
350,"20대 남성  >324mg/dl, 증상 있음 증상을 보여 외부적으로 상태가 심각해 보입니다.",2
351,20대 여성  경증 인후통 ± 후두염 증상을 보여 외부적으로 상태가 심각해 보입니다.,5
352,40대 남성  코막힘/건초열 증상을 보여 외부적으로 상태가 심각해 보입니다.,5
353,40대 여성  이명 증상을 보여 외부적으로 상태가 심각해 보입니다.,4
354,40대 남성  고위험성 사고기전 증상을 보여 외부적으로 상태가 심각해 보입니다.,2
355,40대 남성  처방전/투약문의 증상을 보여 외부적으로 상태가 심각해 보입니다.,5
356,50대 여성  도주의 가능성이나 학대가 반복될 위험 증상을 보여 외부적으로 상태가 심각해 보입니다.,2
357,40대 남성  대처하기 어려운 상태 증상을 보여 외부적으로 상태가 심각해 보입니다.,4
358,50대 남성  음경부종 증상을 보여 외부적으로 상태가 심각해 보입니다.,5
359,30대 여성  만성쇠약 증상을 보여 외부적으로 상태가 심각해 보입니다.,4
360,10대 여성  항문/직장 외상 증상을 보여 외부적으로 상태가 심각해 보입니다.,5
361,30대 남성  조절되지 않는 행동 증상을 보여 외부적으로 상태가 심각해 보입니다.,1
362,40대 남성  급성 또는 갑작스런 시력장애 증상을 보여 외부적으로 상태가 심각해 보입니다.,2
363,"30대 남성  눈충혈/분비물, 만성 증상을 보여 외부적으로 상태가 심각해 보입니다.",5
364,"10대 여성  치아/잇몸문제, 경증문제 증상을 보여 외부적으로 상태가 심각해 보입니다.",5
365,"40대 남성  적절한압박에도멈추지않는코피,또는관련
된내과적기저질환이있는경우 증상을 보여 외부적으로 상태가 심각해 보입니다.",2
366,40대 여성  장기간의 척추고정 증상을 보여 외부적으로 상태가 심각해 보입니다.,3
367,50대 여성  급성 불면증 증상을 보여 외부적으로 상태가 심각해 보입니다.,4
368,10대 여성  급성 불면증 증상을 보여 외부적으로 상태가 심각해 보입니다.,4
369,10대 여성  경증 인후통 ± 후두염 증상을 보여 외부적으로 상태가 심각해 보입니다.,5
370,30대 여성  경증 인후통 ± 후두염 증상을 보여 외부적으로 상태가 심각해 보입니다.,5
371,"10대 여성  손,발, 샅고랑 부위(Groin), 얼굴의 중증
화상 증상을 보여 외부적으로 상태가 심각해 보입니다.",2
372,40대 여성  체표면적 25% 이상의 중증 화상 증상을 보여 외부적으로 상태가 심각해 보입니다.,1
373,"40대 여성  석고붕대가 꽉 끼어 아프지만, 신경혈관
장애는 없음 증상을 보여 외부적으로 상태가 심각해 보입니다.",4
374,"30대 여성  고혈압(수축기혈압 200-220와
이완기혈압 110-130), 무증상 증상을 보여 외부적으로 상태가 심각해 보입니다.",4
375,"50대 남성  만성, 경증 요로감염 증상호소/증상 증상을 보여 외부적으로 상태가 심각해 보입니다.",5
376,"10대 여성  머리,가슴,복부의 관통상 증상을 보여 외부적으로 상태가 심각해 보입니다.",2
377,10대 남성  비정상 맥박수/맥박압 (혈역학적으로 안정) 증상을 보여 외부적으로 상태가 심각해 보입니다.,3
378,60대 이상 남성  직장내 이물질 증상을 보여 외부적으로 상태가 심각해 보입니다.,5
379,10대 남성  중증탈수 증상을 보여 외부적으로 상태가 심각해 보입니다.,1
380,50대 여성  발병시간<3시간 증상을 보여 외부적으로 상태가 심각해 보입니다.,2
381,20대 여성  국소성 발진 증상을 보여 외부적으로 상태가 심각해 보입니다.,5
382," 물질오용에 해당하며, 물질오용/중독으로 인해 쇼크 상태입니다.",1
383," 물질오용에 해당하며, 물질오용/중독으로 인해 무의식(GCS 3-8) 상태입니다.",1
384," 물질오용에 해당하며, 과다복용으로 인해 중증 호흡곤란 상태입니다.",1
385," 물질오용에 해당하며, 과다복용으로 인해 쇼크 상태입니다.",1
386," 정신건강에 해당하며, 폭력/살인행위으로 인해 자신 혹은 타인을 해치려는 구체적인 계획이 있거나 충동을 억제할 수 없는 상태 상태입니다.",1
387," 신경과에 해당하며, 의식수준의 변화으로 인해 중증 호흡곤란 상태입니다.",1
388," 이비인후과-입,인후,경부에 해당하며, 안면외상으로 인해 중증 호흡곤란 상태입니다.",1
389," 호흡기에 해당하며, 숨참으로 인해 중증 호흡곤란 상태입니다.",1
390," 심혈관에 해당하며, 심정지(비외상성)으로 인해 심정지(비외상성) 상태입니다.",1
391," 소화기에 해당하며, 복통으로 인해 중증 호흡곤란 상태입니다.",1
392," 산부인과에 해당하며, 20주 이상의 임신으로 인해 중증 호흡곤란 상태입니다.",1
393," 비뇨기과에 해당하며, 혈뇨으로 인해 중증 호흡곤란 상태입니다.",1
394," 정형외과에 해당하며, 요통으로 인해 중증 호흡곤란 상태입니다.",1
395," 외상에 해당하며, 중증외상-관통상으로 인해 중증 호흡곤란 상태입니다.",1
396," 환경손상에 해당하며, 화학물질 노출으로 인해 중증 호흡곤란 상태입니다.",1
397," 피부에 해당하며, 물림(Bite)으로 인해 중증 호흡곤란 상태입니다.",1
398," 일반에 해당하며, 열으로 인해 중증 호흡곤란 상태입니다.",1
399," 일반에 해당하며, 고혈당으로 인해 중증 호흡곤란 상태입니다.",1
400," 일반에 해당하며, 의료장비문제으로 인해 중증 호흡곤란 상태입니다.",1
401," 물질오용에 해당하며, 물질오용/중독으로 인해 중증 호흡곤란 상태입니다.",1
402," 물질오용에 해당하며, 물질오용/중독로 인해 중증 호흡곤란 상태입니다.",2
403," 물질오용에 해당하며, 물질오용/중독로 인해 쇼크 상태입니다.",2
404," 물질오용에 해당하며, 물질오용/중독로 인해 무의식(GCS 3-8) 상태입니다.",2
405," 물질오용에 해당하며, 과다복용로 인해 중증 호흡곤란 상태입니다.",2
406," 물질오용에 해당하며, 과다복용로 인해 쇼크 상태입니다.",2
407," 물질오용에 해당하며, 과다복용로 인해 무의식(GCS 3-8) 상태입니다.",2
408," 물질오용에 해당하며, 물질금단로 인해 중증 호흡곤란 상태입니다.",2
409," 물질오용에 해당하며, 물질금단로 인해 쇼크 상태입니다.",2
410," 물질오용에 해당하며, 물질금단로 인해 무의식(GCS 3-8) 상태입니다.",2
411," 물질오용에 해당하며, 물질금단로 인해 경련중 상태입니다.",2
412," 정신건강에 해당하며, 폭력/살인행위로 인해 자신 혹은 타인을 해치려는 구체적인 계획인 있거나 충동을 억제할 수 없는 상태 상태입니다.",2
413," 정신건강에 해당하며, 기괴한 행동로 인해 조절되지 않는 행동 상태입니다.",2
414," 정신건강에 해당하며, 사람의 복지에 대한 고려로 인해 싸움 또는 안전하지 않은 상황 상태입니다.",2
415," 신경과에 해당하며, 의식수준의 변화로 인해 중증 호흡곤란 상태입니다.",2
416," 신경과에 해당하며, 의식수준의 변화로 인해 쇼크 상태입니다.",2
417," 신경과에 해당하며, 의식수준의 변화로 인해 무의식(GCS 3-8) 상태입니다.",2
418," 신경과에 해당하며, 현훈로 인해 중증 호흡곤란 상태입니다.",2
419," 신경과에 해당하며, 현훈로 인해 쇼크 상태입니다.",2
420," 신경과에 해당하며, 현훈로 인해 무의식(GCS 3-8) 상태입니다.",2
421," 신경과에 해당하며, 두통로 인해 중증 호흡곤란 상태입니다.",2
422,사람는 물질오용으로 인해 경증 호흡곤란 상태입니다.,3
423,사람는 물질오용으로 비정상 맥박수/맥박압(혈역학적으로 안정) 상태입니다.,3
424,"사람는 물질오용으로 열이 동반되며, <3 SIRS 기준을 만족합니다.",3
425,사람는 과다복용으로 인해 경증 호흡곤란 상태입니다.,3
426,사람는 과다복용으로 비정상 맥박수/맥박압(혈역학적으로 안정) 상태입니다.,3
427,"사람는 과다복용으로 열이 동반되며, <3 SIRS 기준을 만족합니다.",3
428,사람는 과다복용으로 구체적인 계획이 없는 자살관념을 보입니다.,3
429,사람는 물질금단으로 인해 경증 호흡곤란 상태입니다.,3
430,사람는 물질금단으로 비정상 맥박수/맥박압(혈역학적으로 안정) 상태입니다.,3
431,"사람는 물질금단으로 열이 동반되며, <3 SIRS 기준을 만족합니다.",3
432,사람는 물질금단으로 중등도 불안/초조 상태입니다.,3
433,사람는 불안/위기상황으로 인해 중등도 불안/초조 상태입니다.,3
434,사람는 환각/망상으로 인해 경증 호흡곤란 상태입니다.,3
435,사람는 환각/망상으로 비정상 맥박수/맥박압(혈역학적으로 안정) 상태입니다.,3
436,"사람는 환각/망상으로 열이 동반되며, <3 SIRS 기준을 만족합니다.",3
437,사람는 환각/망상으로 중등도 불안/초조 또는 편집증(Paranoia)을 동반합니다.,3
438,사람는 폭력/살인행위로 구체적 계획이 없는 폭력적인 생각을 보입니다.,3
439,사람는 우울증/자살/자해로 인해 구체적인 계획이 없는 자살관념을 보입니다.,3
440,사람는 사회문제로 인해 심각한 감정적 스트레스를 호소합니다.,3
441,사람는 기괴한 행동으로 인해 조절되는 행동을 보입니다.,3
442,"사람는 복지에 대한 고려가 필요한 상황이며, 육체적 폭행이 의심됩니다.",3
443,사람는 의식수준의 변화로 인해 경증 호흡곤란 상태입니다.,3
444,사람는 착란으로 인해 비정상 맥박수/맥박압(혈역학적으로 안정) 상태입니다.,3
445,"사람는 현훈으로 인해 열이 동반되며, <3 SIRS 기준을 만족합니다.",3
446,사람는 두통으로 인해 만성 중심성 중증 통증(8-10)을 호소합니다.,3
447,사람는 발작 후 회복된 상태로 명료한 의식을 보입니다.,3
448,사람는 보행장애로 인해 경증 호흡곤란 상태입니다.,3
449,사람는 뇌졸중 증상으로 급성 중심성 중등도 통증(4-7)을 호소합니다.,3
450,사람는 두부손상으로 의식소실의 병력을 보입니다.,3
451,사람는 떨림으로 인해 경증 호흡곤란 상태입니다.,3
452,사람는 감각상실로 새로 발병된 이상감각을 호소합니다.,3
453,사람는 눈통증으로 인해 급성 중심성 중등도 통증(4-7)을 호소합니다.,3
454,사람는 눈 외상으로 출혈성 질환(중등도나 경증의 출혈)을 보입니다.,3
455,사람는 상기도 감염 증상으로 인해 경증 호흡곤란 상태입니다.,3
456,"사람는 코외상으로 열이 동반되며, <3 SIRS 기준을 만족합니다.",3
457,사람는 귀 손상으로 급성 말초성 중증 통증(8-10)을 호소합니다.,3
458,사람는 치아 문제로 인해 출혈성 질환(중등도나 경증의 출혈)을 보입니다.,3
459,사람는 인후통으로 인해 연하장애를 보입니다,3
460,"사람는 경부 외상으로 열이 동반되며, <3 SIRS 기준을 만족합니다.""",3
461,사람는 숨 참 증상으로 경증 호흡곤란 상태입니다.,3
462,"사람는 과다호흡 증후군으로 열이 동반되며, <3 SIRS 기준을 만족합니다.",3
463,사람는 기침과 코막힘 증상으로 경증 호흡곤란 상태입니다.,3
464,사람는 알레르기 반응으로 인해 급성 말초성 중증 통증(8-10)을 호소합니다.,3
465,사람는 흉통으로 인해 만성 중심성 중증 통증(8-10)을 호소합니다.,3
466,사람는 심계항진으로 급성 발병 및 지속되는 증상을 보입니다.,3
467,"사람는 고혈압으로 열이 동반되며, <3 SIRS 기준을 만족합니다.",3
468,사람는 전신 쇠약으로 인해 경증 탈수를 보입니다.,3
469,사람는 실신으로 인해 전구 증상 후 발병한 상태를 보입니다.,3
470,"사람는 양측성 다리 부종으로 열이 동반되며, <3 SIRS 기준을 만족합니다.",3
471,"사람는 혈뇨로 인해 출혈성 질환(중등도나 경증의 출혈)을 보입니다.""",3
472,사람는 생식기 외상으로 급성 중심성 중등도 통증(4-7)을 호소합니다.,3
473,사람는 요로 감염 증상으로 급성 중심성 중등도 통증(4-7)을 호소합니다.,3
474,"사람는 핍뇨증으로 열이 동반되며, <3 SIRS 기준을 만족합니다.""",3
475,사람는 다뇨증으로 급성 중심성 중등도 통증(4-7)을 호소합니다.,3
476,사람는 생식기의 외상으로 만성 중심성 중증 통증(8-10)을 호소합니다.,3
477,사람는 요통으로 급성 중심성 중등도 통증(4-7)을 호소합니다.,3
478,"사람는 척추 손상으로 열이 동반되며, <3 SIRS 기준을 만족합니다.",3
479,사람는 관절 부종으로 급성 말초성 중증 통증(8-10)을 호소합니다.,3
480,사람는 중증 외상(관통상)으로 출혈성 질환(중등도나 경증의 출혈)을 보입니다.,3
481,사람는 동상으로 급성 말초성 중증 통증(8-10)을 호소합니다.,3
482,사람는 유해물질 흡입으로 경증 호흡곤란 상태입니다.,3
483,사람는 전기 손상으로 급성 말초성 중증 통증(8-10)을 호소합니다.,3
484,사람는 저체온증으로 중심 체온 32-35℃ 상태를 보입니다.,3
485,"사람는 익수로 열이 동반되며, <3 SIRS 기준을 만족합니다.",3
486,사람는 물림으로 급성 말초성 중증 통증(8-10)을 호소합니다.,3
487,사람는 찰과상으로 인해 급성 말초성 중증 통증(8-10)을 호소합니다.,3
488,"사람는 화상으로 열이 동반되며, <3 SIRS 기준을 만족합니다.",3
489,사람는 발진으로 인해 급성 말초성 중증 통증(8-10)을 호소합니다.,3
490,사람는 유방 발적 및 압통으로 급성 말초성 중증 통증(8-10)을 호소합니다.,3
491,사람는 청색증으로 경증 호흡곤란 상태를 보입니다.,3
492,사람는 저절로 멍듦 증상으로 출혈성 질환(중등도나 경증의 출혈)을 보입니다.,3
493,"사람는 고혈당으로 열이 동반되며, <3 SIRS 기준을 만족합니다.",3
494,사람는 저혈당으로 <54mg/dl 무증상을 보입니다.,3
495,사람는 수술 후 합병증으로 급성 중심성 중등도 통증(4-7)을 호소합니다.,3
496,"사람는 드레싱 교체로 열이 동반되며, <3 SIRS 기준을 만족합니다.",3
497,사람는 반지 제거로 급성 말초성 중증 통증(8-10)을 호소합니다.,3
498,사람는 창백함 및 빈혈로 출혈성 질환(중등도나 경증의 출혈)을 보입니다.,3
499,"사람는 전문 진료 의뢰 상태로 급성 중심성 중등도 통증(4-7)을 호소합니다.""",3
500,"사람는 경증 호소로 열이 동반되며, <3 SIRS 기준을 만족합니다.""",3
501,사람는 비정상 검사 수치로 정상 활력 징후를 보입니다.,3
502,사람는 경미한 전신 쇠약으로 경증 호흡곤란 상태입니다.,3
503,사람는 물질오용으로 인해 혼미 상태를 보입니다.,3
504,사람는 과다복용으로 열이 동반된 상태이며 <3 SIRS 기준을 만족합니다.,3
505,사람는 물질금단으로 인해 심한 구토를 동반한 상태입니다.,3
506,사람는 불안 증세와 경미한 떨림을 함께 보입니다.,3
507,사람는 우울증으로 인해 심각한 무기력 상태를 나타냅니다.,3
508,사람는 눈 부상으로 급성 말초성 통증을 호소합니다.,3
509,사람는 코 출혈로 안정된 혈역학적 상태를 보입니다.,3
510,사람는 귀 감염으로 인해 급성 중심성 통증을 호소합니다.,3
511,사람는 고혈압으로 두통을 호소하는 상태입니다.,3
512,사람는 전신성 부종으로 인해 보행이 어려운 상태입니다.,3
513,사람는 과다 호흡 증후군으로 경미한 두통이 동반된 상태입니다.,3
514,사람는 목 부종으로 연하 곤란 증상을 보입니다.,3
515,사람는 알레르기 반응으로 인해 비정상적인 발적을 보입니다.,3
516,사람는 만성 두통으로 인해 집중력이 저하된 상태입니다.,3
517,사람는 열성 질환으로 체온 조절 장애를 보입니다.,3
518,사람는 감각 상실로 인해 신경 이상 반응을 보입니다.,3
519,사람는 척추 외상 후 안정된 상태로 보이지만 통증을 호소합니다.,3
520,사람는 심한 피로로 인해 심박수 이상을 보입니다.,3
521,사람는 손 부상으로 인해 움직임이 제한된 상태입니다.,3
522,"사람는 물질오용으로 인해 열이 동반되며, 1SIRS 기준을 만족하는 상태입니다.",4
523,사람는 물질오용/중독으로 알려진 저독성 물질에 노출되었습니다.,4
524,"사람는 과다복용으로 열이 동반되며, 1SIRS 기준을 만족하는 상태입니다.",4
525,사람는 과다복용 상태로 경증 호흡곤란 증상을 보입니다.,4
526,"사람는 물질금단으로 열이 동반되며, 1SIRS 기준을 만족하는 상태입니다.",4
527,사람는 물질금단으로 경증 불안 및 초조 증상을 보입니다.,4
528,사람는 불안/위기상황으로 인해 경증 불안 및 초조 상태입니다.,4
529,"사람는 환각/망상으로 열이 동반되며, 1SIRS 기준을 만족하는 상태입니다.",4
530,사람는 환각/망상으로 경증 불안 상태이며 안정적인 상태입니다.,4
531,사람는 급성 불면증을 호소하며 긴장된 상태를 보입니다.,4
532,사람는 우울증 상태이며 자살 생각은 없으나 심리적 지원이 필요합니다.,4
533,사람는 사회문제로 인해 대처가 어려운 상황을 호소하고 있습니다.,4
534,사람는 기괴한 행동을 보이며 해를 끼치지 않는 행동 양상을 보입니다.,4
535,사람는 학대의 병력 및 관련 징후가 관찰됩니다.,4
536,"사람는 착란 상태로 열이 동반되며, 1SIRS 기준을 만족합니다.",4
537,"사람는 두통으로 열이 동반되며, 1SIRS 기준을 만족하는 상태입니다.",4
538,사람는 급성 중심성 경증 두통을 호소하고 있습니다.,4
539,사람는 만성 중심성 중등도 두통 증상을 보입니다.,4
540,"사람는 보행장애로 열이 동반되며, 1SIRS 기준을 만족합니다.",4
541,"사람는 두부손상으로 열이 동반되며, 1SIRS 기준을 만족합니다.",4
542,사람는 급성 중심성 경증 두통을 동반한 두부손상을 보입니다.,4
543,사람는 감각상실로 인해 만성 감각소실 증상을 보입니다.,4
544,사람는 이물질로 인해 급성 말초성 중등도 통증을 호소하고 있습니다.,4
545,사람는 만성 시력장애 증상을 보입니다.,4
546,사람는 눈 통증으로 급성 중심성 경증 통증 증상을 보입니다.,4
547,사람는 급성 눈충혈 및 분비물이 동반된 상태입니다.,4
548,사람는 급성 중심성 경증 복시 증상을 보입니다.,4
549,"사람는 경증 코피 증상을 보이며, 특별한 두드러진 출혈은 없습니다.",4
550,사람는 급성 코외상으로 열이 동반된 상태입니다.,4
551,사람는 급성 귀 손상으로 열이 동반된 상태입니다.,4
552,사람는 잇몸 출혈이 있으나 활력징후는 정상입니다.,4
553,"사람는 인후통으로 열이 동반되며, 1SIRS 기준을 만족하는 상태입니다.",4
554,사람는 경부 부종과 급성 중심성 경증 통증 증상을 보입니다.,4
555,"사람는 숨참 증상으로 열이 동반되며, 1SIRS 기준을 만족합니다.",4
556,사람는 회복된 과다호흡증후군 상태이며 건강해 보입니다.,4
557,사람는 객혈 증상을 보이며 열이 동반됩니다.,4
558,사람는 알레르기 반응으로 급성 말초성 중등도 통증 증상을 보입니다.,4
559,사람는 흉통(비 심인성)으로 급성 중심성 경증 통증 증상을 보입니다.,4
560,사람는 고혈압으로 혈역학적으로 안정적인 상태를 보입니다.,4
561,사람는 전신 쇠약으로 탈수 가능성이 의심됩니다.,4
562,"사람는 양측성 다리 부종으로 열이 동반되며, 1SIRS 기준을 만족합니다.",4
563,사람는 혈뇨로 급성 중심성 경증 통증 증상을 보입니다.,4
564,사람는 생식기 외상으로 만성 중심성 중등도 통증 증상을 보입니다.,4
565,사람는 요로 감염 증상으로 열이 동반된 상태입니다.,4
566,"사람는 핍뇨증으로 열이 동반되며, 1SIRS 기준을 만족합니다.",4
567,사람는 다뇨증으로 급성 중심성 경증 통증 증상을 보입니다.,4
568,사람는 요통으로 급성 중심성 경증 통증 증상을 보입니다.,4
569,사람는 절단 부위에 급성 말초성 중등도 통증 증상을 보입니다.,4
570,사람는 관절 부종으로 만성 말초성 중증 통증 증상을 보입니다.,4
571,"사람는 중증 외상(둔상)으로 열이 동반되며, 1SIRS 기준을 만족합니다.",4
572,사람는 단독 흉부외상(둔상)으로 급성 중심성 경증 통증 증상을 보입니다.,4
573,사람는 익수 후 회복된 상태이며 정상 활력징후를 보입니다.,4
574,사람는 유해물질 흡입 후 무증상 상태를 보입니다.,4
575,사람는 물림으로 급성 말초성 중등도 통증 증상을 보입니다.,4
576,사람는 찰과상으로 출혈이 동반된 상태입니다.,4
577,"사람는 급성 화상으로 열이 동반되며, 1SIRS 기준을 만족합니다.",4
578,"사람는 발진으로 열이 동반되며, 급성 말초성 중등도 통증 증상을 보입니다.",4
579,사람는 유방 발적 및 압통으로 열이 동반된 상태입니다.,4
580,사람는 국소성 부종 및 발적으로 열이 동반됩니다.,4
581,사람는 급성 말초성 중등도 통증을 동반한 소양증을 호소합니다.,4
582,"사람는 열이 동반되며, 1SIRS 기준을 만족하는 상태입니다.",4
583,사람는 전문 진료 의뢰 상태로 급성 중심성 경증 통증 증상을 보입니다.,4
584,사람는 드레싱 교체 중 열이 동반된 상태입니다.,4
585,사람는 의료장비 문제가 있으나 증상이나 불편함은 없습니다.,4
586,사람는 반지 제거 중 열이 동반된 상태입니다.,4
587,사람는 창백함 및 빈혈 증상을 보이며 출혈성 질환이 의심됩니다.,4
588,"사람는 수술 후 합병증으로 열이 동반되며, 급성 중심성 경증 통증을 호소합니다.",4
589,사람는 경증 호소로 만성 말초성 중증 통증 증상을 보입니다.,4
590,사람는 물질오용으로 인해 경증 호흡곤란 상태입니다.,4
591,사람는 물질오용으로 비정상 맥박수/맥박압(혈역학적으로 안정) 상태입니다.,4
592,"사람는 물질오용으로 열이 동반되며, <3 SIRS 기준을 만족합니다.",4
593,사람는 물질오용으로 인해 정상적인 활력 징후를 보입니다.,4
594,사람는 물질오용으로 경증의 불안과 초조를 호소합니다.,4
595,사람는 물질금단으로 안정된 상태를 보이며 추가 증상은 없습니다.,4
596,사람는 과다복용 후 회복된 상태를 보이고 있습니다.,4
597,사람는 정신건강 문제로 인해 가벼운 신체 증상을 호소합니다.,4
598,사람는 불면증으로 인해 일시적인 피로를 호소합니다.,4
599,사람는 환각 증상이 사라지고 안정된 상태를 보이고 있습니다.,4
600,사람는 경미한 기괴한 행동을 보이나 해를 끼치지 않습니다.,4
601,사람는 의식 수준 변화 없이 정상이지만 주기적인 관찰이 필요합니다.,4
602,사람는 만성 두통을 겪고 있으며 추가적인 증상은 없습니다.,4
603,사람는 경증의 떨림이 있지만 신경학적 추가 증상은 없습니다.,4
604,사람는 눈의 충혈로 인해 일시적인 불편함을 느낍니다.,4
605,사람는 귀의 이물질로 인해 경미한 통증을 호소합니다.,4
606,사람는 코 외상으로 경미한 부종을 보입니다.,4
607,사람는 상기도 감염 증상으로 가벼운 열을 동반합니다.,4
608,사람는 흉통으로 인해 일시적인 불편함을 느끼고 있습니다.,4
609,사람는 고혈압이 있지만 추가적인 증상은 없습니다.,4
610,사람는 실신 이후 회복된 상태이며 활력 징후는 정상이지만 추가 관찰이 필요합니다.,4
611,사람는 전신성 부종으로 인해 약간의 불편함을 호소합니다.,4
612,사람는 구토 이후 탈수 증상이 경미하게 나타납니다.,4
613,사람는 복부 팽만으로 인해 약간의 불편함을 호소합니다.,4
614,사람는 요로 감염 증상으로 인해 가벼운 배뇨 곤란을 느끼고 있습니다.,4
615,사람는 핍뇨증을 보이며 일시적인 탈수를 의심할 수 있습니다.,4
616,사람는 생식기 외상으로 인해 약간의 불편함을 보입니다.,4
617,사람는 요통으로 인해 약간의 활동 제약을 겪고 있습니다.,4
618,사람는 척추 손상 후 경미한 통증을 호소합니다.,4
619,사람는 상지 손상 후 급성 통증이 경감된 상태입니다.,4
620,사람는 하지 손상 후 만성적인 불편감을 호소합니다.,4
621,사람는 외상 후 정상적인 회복 상태를 보입니다.,4
622,"사람는 물질오용으로 인해 열이 동반되며, 1SIRS 기준을 만족하는 상태입니다.",5
623,사람는 물질오용/중독으로 알려진 저독성 물질에 노출되었습니다.,5
624,"사람는 과다복용으로 열이 동반되며, 1SIRS 기준을 만족하는 상태입니다.",5
625,사람는 과다복용 상태로 경증 호흡곤란 증상을 보입니다.,5
626,"사람는 물질금단으로 열이 동반되며, 1SIRS 기준을 만족하는 상태입니다.",5
627,사람는 물질금단으로 경증 불안 및 초조 증상을 보입니다.,5
628,사람는 불안/위기상황으로 인해 경증 불안 및 초조 상태입니다.,5
629,"사람는 환각/망상으로 열이 동반되며, 1SIRS 기준을 만족하는 상태입니다.",5
630,사람는 환각/망상으로 경증 불안 상태이며 안정적인 상태입니다.,5
631,사람는 급성 불면증을 호소하며 긴장된 상태를 보입니다.,5
632,사람는 우울증 상태이며 자살 생각은 없으나 심리적 지원이 필요합니다.,5
633,사람는 사회문제로 인해 대처가 어려운 상황을 호소하고 있습니다.,5
634,사람는 기괴한 행동을 보이며 해를 끼치지 않는 행동 양상을 보입니다.,5
635,사람는 학대의 병력 및 관련 징후가 관찰됩니다.,5
636,"사람는 착란 상태로 열이 동반되며, 1SIRS 기준을 만족합니다.",5
637,"사람는 두통으로 열이 동반되며, 1SIRS 기준을 만족하는 상태입니다.",5
638,사람는 급성 중심성 경증 두통을 호소하고 있습니다.,5
639,사람는 만성 중심성 중등도 두통 증상을 보입니다.,5
640,"사람는 보행장애로 열이 동반되며, 1SIRS 기준을 만족합니다.",5
641,"사람는 두부손상으로 열이 동반되며, 1SIRS 기준을 만족합니다.",5
642,사람는 급성 중심성 경증 두통을 동반한 두부손상을 보입니다.,5
643,사람는 감각상실로 인해 만성 감각소실 증상을 보입니다.,5
644,사람는 이물질로 인해 급성 말초성 중등도 통증을 호소하고 있습니다.,5
645,사람는 만성 시력장애 증상을 보입니다.,5
646,사람는 눈 통증으로 급성 중심성 경증 통증 증상을 보입니다.,5
647,사람는 급성 눈충혈 및 분비물이 동반된 상태입니다.,5
648,사람는 급성 중심성 경증 복시 증상을 보입니다.,5
649,"사람는 경증 코피 증상을 보이며, 특별한 두드러진 출혈은 없습니다.",5
650,사람는 급성 코외상으로 열이 동반된 상태입니다.,5
651,사람는 급성 귀 손상으로 열이 동반된 상태입니다.,5
652,사람는 잇몸 출혈이 있으나 활력징후는 정상입니다.,5
653,"사람는 인후통으로 열이 동반되며, 1SIRS 기준을 만족하는 상태입니다.",5
654,사람는 경부 부종과 급성 중심성 경증 통증 증상을 보입니다.,5
655,"사람는 숨참 증상으로 열이 동반되며, 1SIRS 기준을 만족합니다.",5
656,사람는 회복된 과다호흡증후군 상태이며 건강해 보입니다.,5
657,사람는 객혈 증상을 보이며 열이 동반됩니다.,5
658,사람는 알레르기 반응으로 급성 말초성 중등도 통증 증상을 보입니다.,5
659,사람는 흉통(비 심인성)으로 급성 중심성 경증 통증 증상을 보입니다.,5
660,사람는 고혈압으로 혈역학적으로 안정적인 상태를 보입니다.,5
661,사람는 전신 쇠약으로 탈수 가능성이 의심됩니다.,5
662,"사람는 양측성 다리 부종으로 열이 동반되며, 1SIRS 기준을 만족합니다.",5
663,사람는 혈뇨로 급성 중심성 경증 통증 증상을 보입니다.,5
664,사람는 생식기 외상으로 만성 중심성 중등도 통증 증상을 보입니다.,5
665,사람는 요로 감염 증상으로 열이 동반된 상태입니다.,5
666,"사람는 핍뇨증으로 열이 동반되며, 1SIRS 기준을 만족합니다.",5
667,사람는 다뇨증으로 급성 중심성 경증 통증 증상을 보입니다.,5
668,사람는 요통으로 급성 중심성 경증 통증 증상을 보입니다.,5
669,사람는 절단 부위에 급성 말초성 중등도 통증 증상을 보입니다.,5
670,사람는 관절 부종으로 만성 말초성 중증 통증 증상을 보입니다.,5
671,"사람는 중증 외상(둔상)으로 열이 동반되며, 1SIRS 기준을 만족합니다.",5
672,사람는 단독 흉부외상(둔상)으로 급성 중심성 경증 통증 증상을 보입니다.,5
673,사람는 익수 후 회복된 상태이며 정상 활력징후를 보입니다.,5
674,사람는 유해물질 흡입 후 무증상 상태를 보입니다.,5
675,사람는 물림으로 급성 말초성 중등도 통증 증상을 보입니다.,5
676,사람는 찰과상으로 출혈이 동반된 상태입니다.,5
677,"사람는 급성 화상으로 열이 동반되며, 1SIRS 기준을 만족합니다.",5
678,"사람는 발진으로 열이 동반되며, 급성 말초성 중등도 통증 증상을 보입니다.",5
679,사람는 유방 발적 및 압통으로 열이 동반된 상태입니다.,5
680,사람는 국소성 부종 및 발적으로 열이 동반됩니다.,5
681,사람는 급성 말초성 중등도 통증을 동반한 소양증을 호소합니다.,5
682,"사람는 열이 동반되며, 1SIRS 기준을 만족하는 상태입니다.",5
683,사람는 전문 진료 의뢰 상태로 급성 중심성 경증 통증 증상을 보입니다.,5
684,사람는 드레싱 교체 중 열이 동반된 상태입니다.,5
685,사람는 의료장비 문제가 있으나 증상이나 불편함은 없습니다.,5
686,사람는 반지 제거 중 열이 동반된 상태입니다.,5
687,사람는 창백함 및 빈혈 증상을 보이며 출혈성 질환이 의심됩니다.,5
688,"사람는 수술 후 합병증으로 열이 동반되며, 급성 중심성 경증 통증을 호소합니다.",5
689,사람는 경증 호소로 만성 말초성 중증 통증 증상을 보입니다.,5
690,사람는 경증 물림으로 인해 약간의 불편감을 호소합니다.,5
691,사람는 찰과상으로 출혈은 없으나 통증을 느끼고 있습니다.,5
692,사람는 화상으로 경미한 통증을 호소하며 상처는 깨끗합니다.,5
693,사람는 이물질로 인해 피부에 경미한 자극 증상을 보입니다.,5
694,"사람는 상처 확인 목적으로 내원했으며, 추가 처치는 필요하지 않습니다.",5
695,사람는 스테이플 제거 후 경미한 통증을 보고합니다.,5
696,사람는 발진으로 인해 가벼운 가려움을 호소합니다.,5
697,사람는 유방의 발적 및 경미한 압통을 보입니다.,5
698,사람는 국소성 부종 및 발적으로 인해 불편감을 호소합니다.,5
699,사람는 혹 또는 돌기로 인해 피부 상태를 점검받고자 내원했습니다.,5
700,사람는 감염 가능성을 확인하기 위해 병원을 방문하였습니다.,5
701,사람는 소양증으로 인해 피부 가려움을 호소합니다.,5
702,사람는 기타 피부 상태로 인해 내원하였으나 경미한 상태로 보입니다.,5
703,사람는 전염성 질환에 노출되었으나 증상은 없습니다.,5
704,사람는 전문 진료를 위해 의뢰되었으며 경미한 통증을 호소합니다.,5
705,사람는 드레싱 교체 후 약간의 통증을 호소합니다.,5
706,사람는 영상학적 검사를 위해 내원하였으며 증상은 없습니다.,5
707,사람는 처방전 또는 투약 문의를 위해 내원했습니다.,5
708,사람는 반지 제거 후 가벼운 불편감을 느끼고 있습니다.,5
709,사람는 검사 수치가 비정상으로 확인되었으나 활력징후는 정상입니다.,5
710,사람는 경미한 증상을 호소하며 내원하였으나 비특이적입니다.,5
711,사람는 반복적인 두통으로 인해 경미한 불편감을 호소합니다.,5
712,사람는 만성적인 환각으로 인해 가벼운 불안감을 호소합니다.,5
713,사람는 만성 불면증으로 인해 수면 장애를 겪고 있습니다.,5
714,사람는 만성 사회 문제로 인해 심리적 지원이 필요합니다.,5
715,사람는 만성 두통으로 지속적인 불편감을 느끼고 있습니다.,5
716,사람는 경미한 코피를 보고하며 추가 출혈은 없습니다.,5
717,사람는 상기도 감염 증상으로 인해 가벼운 불편감을 느낍니다.,5
718,사람는 이통으로 인해 경미한 통증을 호소하며 청력에는 이상이 없습니다.,5
719,사람는 만성 인후통으로 지속적인 불편감을 느낍니다.,5
720,사람는 알레르기 반응으로 경미한 코 울혈을 겪고 있습니다.,5
721,사람는 경미한 흉통으로 인해 불편감을 보고하였으나 심장 관련 증상은 아닙니다.,5
722, 심각한 호흡곤란으로 숨을 쉬기 어려워하며 피부가 푸르스름하게 변색된 상태,1
723, 얼굴이 창백하고 식은땀을 흘리며 맥박이 거의 잡히지 않는 쇼크 상태,1
724," 바닥에 쓰러져 의식을 잃었고, 주변의 소리에 반응하지 않으며, 몸이 움직이지 않는 상태",1
725, 심한 호흡곤란으로 숨을 쉬지 못해 곤란해하는 상태,1
726, 심각한 쇼크로 인해 혈압이 떨어지고 의식을 잃을 위험에 있는 상태,1
727," 의식을 잃고 반응이 없으며, 몸이 축 늘어져 있는 상태",1
728, 심각한 호흡곤란으로 인해 가슴을 크게 오르내리며 숨을 쉬기 힘든 상태,1
729, 쇼크 상태로 혈압이 급격히 떨어지며 의식을 잃을 위험에 있는 상태,1
730," 의식을 잃고 반응이 없으며, 주변 자극에 전혀 반응하지 않는 상태",1
731, 경련을 일으키며 몸이 떨리고 혼란스러운 상태,1
732, 자신이나 타인에게 해를 끼칠 구체적인 계획이나 충동을 억제하지 못하는 상태,1
733,건강한 상태에서 조절되지 않는 위험한 행동을 보이는 사람,1
734,싸움이나 안전하지 않은 상황에 놓여 있는 사람,1
735,중증 호흡곤란을 겪고 있는 사람,1
736,쇼크 상태에 있는 사람,1
737,무의식 상태(GCS 3-8)에 있는 사람,1
738,"중증 호흡곤란을 겪고 있는 사람이며, 생명이 위급한 상황입니다.",1
739,쇼크 상태로 생명이 위급한 사람입니다.,1
740,"무의식(GCS 3-8) 상태인 사람로, 심각한 의식 저하가 있습니다.",1
741,"중증 호흡곤란을 겪고 있는 사람로, 생명이 위급한 상황입니다.",1
742," 도주할 가능성이 높고, 자신이나 타인의 안전을 위협할 수 있는 위험한 상태",2
743," 패혈증의 증상으로 고열, 빠른 호흡, 혼란을 보이는 상태",2
744,최근 발작을 경험한  발작 후 초조하고 불안해하는 상태,2
745, 도주할 가능성이 높아 자신이나 타인의 안전을 위협하는 상태,2
746, 극심한 불안과 초조함을 느끼며 안절부절 못하는 상태,2
747," 심한 불안과 초조함을 느끼며, 주위를 경계하는 상태",2
748,도주할 가능성이 있는  자신이나 타인의 안전을 위협하는 상황,2
749, 숨을 가쁘게 쉬며 중등도의 호흡곤란을 겪는 상태,2
750, 의식이 흐려지고 주변 상황을 인지하지 못하는 상태,2
751,열이 나고 면역억제로 감염 위험이 높은 상태,2
752,패혈증이 의심되는  고열과 빠른 호흡을 보이는 상태,2
753, 도주할 가능성이 높아 안전이 위협받는 상태,2
754,도주할 가능성이 높아 자신과 타인의 안전이 위협받는 상태,2
755,중등도의 호흡곤란을 호소하는 사람,2
756,혈역학적 장애로 인한 증상을 보이는 사람,2
757,의식이 흐릿해져 주변 상황을 제대로 인지하지 못하는 상태,2
758,열이 나고 면역력이 저하된 상태로 감염 위험이 있는 사람,2
759,"패혈증의 가능성이 있는 상태로, 고열과 혼란이 동반된 사람",2
760,도주할 가능성이 높고 안전이 위협받는 사람,2
761,도주할 가능성이 있으며 반복적인 학대 위험이 있는 상태,2
762,열이 나고 아파 보이는 사람는 3 SIRS 기준에 미치지 않는 경미한 증상을 보이고 있습니다.,3
763,급성 중심성 중등도 통증(4-7)을 느끼는 사람는 통증으로 인해 불편함을 호소하고 있습니다.,3
764,"경증 호흡곤란을 겪고 있는 사람는 숨이 약간 가쁘고, 불안해 보입니다.",3
765,급성 중심성 중등도 통증(4-7)을 느끼는 사람는 통증으로 인해 약간의 불편함을 호소하고 있습니다.,3
766,출혈성 질환으로 중등도나 경증의 출혈을 겪고 있는 사람는 증상이 경미하지만 관찰이 필요합니다.,3
767,이물질이 있는 가능성이 있는 사람는 기도에 장애가 생길 수 있는 상황입니다.,3
768,경증 호흡곤란을 겪고 있는 사람는 숨이 약간 가쁘고 불안해 보입니다.,3
769,급성 말초성 중증 통증(8-10)을 겪는 사람는 극심한 통증으로 인해 괴로워하고 있습니다.,3
770,예측 FEV1 혹은 PEER이 40-60%인 알지 못하는 중등도 천식 사람는 숨쉬기가 어려운 상황입니다.,3
771,비정상 맥박수와 맥박압을 보이지만 혈역학적으로 안정된 사람는 현재 상태를 유지하고 있습니다.,3
772,호흡곤란이 없는 연하장애 사람는 음식을 삼키는 데 어려움을 겪고 있지만 호흡은 안정적입니다.,3
773,급성 말초성 중증 통증(8-10)을 겪고 있는 사람는 극심한 통증으로 힘들어하고 있습니다.,3
774,만성 중심성 중증 통증(8-10)을 겪는 사람는 지속적인 고통으로 힘들어하고 있습니다.,3
775,급성발병으로 지속되는 증상을 보이는 사람는 추가적인 검사가 필요합니다.,3
776,고혈압(수축기혈압≥220 혹은 이완기혈압≥130) 동반된 다른 증상이 없는 사람는 안정적인 상태로 보입니다.,3
777,고혈압(수축기혈압 200-220 및 이완기혈압 110-130) 고혈압 증상이 동반된 사람는 지속적인 모니터링이 필요합니다.,3
778,갑자기 보행이 어려워진 사람는 균형을 잃고 불안정하게 움직이고 있습니다.,3
779,경증 탈수를 겪고 있는 사람는 약간의 갈증을 느끼며 수분 섭취가 필요할 수 있습니다.,3
780,경증 호흡곤란을 겪고 있는 사람는 숨이 약간 가쁘고 불안한 모습입니다.,3
781,열이 나고 아파 보이는 사람는 SIRS 기준에 미치지 않는 경미한 증상을 보이고 있습니다.,3
782,경미한 불안이나 초조함을 느끼지만 비교적 안정되어 있는 상태,4
783,열이 나지만 건강해 보이며 감염의 가벼운 징후만 있는 상태,4
784,경증의 불안과 초조함을 느끼지만 비교적 안정된 상태,4
785,갑작스러운 불면증으로 인해 잠을 이루지 못하는 상태,4
786,"열이 나지만 건강해 보이며, 경미한 감염 증상이 있는 상태",4
787,경미한 불안과 초조함을 느끼지만 비교적 안정된 상태,4
788,경미한 불안이나 초조함을 느끼지만 안정된 상태,4
789,건강해 보이지만 열이 나고 가벼운 감염의 징후가 있는 상태,4
790,경미한 불안과 초조함을 느끼지만 안정된 상태,4
791, 우울한 상태이지만 자살 생각은 없는 안정된 상태,4
792,대처하기 어려운 상황에 놓여 있는 사람,4
793,해를 끼치지 않는 행동을 보이는 안정된 상태의 사람,4
794,학대의 병력이나 징후를 보이는 사람,4
795,"열(건강해보임) 상태로, 1 SIRS 기준을 만족하는 사람입니다.",4
796,"만성적인 상태로, 평상시와 변화가 없는 사람입니다.",4
797,"급성 중심성 경증 통증(<4)을 경험하는 사람이며, 통증이 경미합니다.",4
798,"만성 중심성 중등도 통증(4-7)을 겪고 있는 사람로, 지속적인 불편함이 있습니다.",4
799,"급성 중심성 경증 통증(<4)을 겪고 있는 사람로, 통증이 경미합니다.",4
800,"의식소실의 병력이 없는 사람로, 상태가 비교적 안정적입니다.",4
801,"열이 나고 건강해 보이는 상태로, 1 SIRS 기준을 만족하는 사람입니다.",4
802,경미한 말초성 통증(<4)을 느끼는 사람,5
803,만성 말초성 통증(<8)을 호소하는 사람,5
804,상지의 만성 경미한 통증을 호소하는 사람,5
805,급성 말초성 경증 통증(<4)을 느끼는 사람,5
806,하지의 만성 경미한 통증을 호소하는 사람,5
807,상지의 외상으로 만성 경증 통증을 호소하는 사람,5
808,하지의 외상으로 만성 경증 통증을 호소하는 사람,5
809,급성 말초성 경증 통증이 있어  약간의 불편함을 느끼는 상태,5
810,만성 말초성 통증이 있지만 심각하지 않으며  이를 견디고 있는 상태,5
811,동상이나 냉손상으로 인해 피부가 손상된 사람,5
812,경미한 물림으로 인해 불편함을 겪고 있는 사람,5
813,쏘임으로 인해 불편함을 겪고 있는 사람,5
814,경미한 찰과상으로 인해  약간의 불편함을 겪고 있는 상태,5
815,봉합이 필요 없는 상태로  경미한 상처를 가진 경우,5
816,화상이 있으며 경미한 통증을 느끼는 사람,5
817,급성 말초성 경증 통증(<4)로 인해  약간의 불편함을 느끼는 상태,5
818,피부에 이물질이 있어  불편함을 느끼는 상태,5
819,상처를 확인해야 하는 상태로 사람의 상태를 평가 중인 경우,5
820,"스테이플이나 봉합사를 제거해야 하는 상태로, 사람의 상태를 평가하는 중인 경우",5
821,"국소성 발진이 나타난 사람로, 추가적인 평가가 필요한 상태",5
822, 심장마비로 인해 호흡과 맥박이 멈춘 상태,1
823, 의식을 잃고 입술이 파랗게 변하며 호흡이 중단된 상태,1
824, 심각한 두부 외상으로 의식이 없고 출혈이 멈추지 않는 상태,1
825, 익사 사고로 인해 호흡과 맥박이 없는 상태,1
826, 심각한 교통사고로 가슴 부위가 함몰되고 호흡이 멈춘 상태,1
827, 중증 화상을 입어 의식을 잃고 호흡이 가빠지는 상태,1
828, 중독물질을 섭취한 후 의식을 잃고 경련을 동반하는 상태,1
829, 심각한 저혈당 쇼크로 인해 의식이 없고 반응하지 않는 상태,1
830, 심장 부정맥으로 인해 심정지가 발생한 상태,1
831, 심한 탈수로 인해 혈압이 급격히 떨어지고 의식을 잃은 상태,1
832, 심각한 천식 발작으로 인해 호흡곤란을 겪는 상태,1
833, 대량 출혈로 인해 혈압이 급격히 떨어지고 의식을 잃은 상태,1
834, 심한 알레르기 반응으로 호흡이 멈추는 상태,1
835, 심각한 저체온증으로 의식이 없고 심박수가 느려진 상태,1
836, 익사 후 심정지 상태로 응급실에 도착한 상태,1
837, 심한 전기 화상을 입어 심정지 상태인 경우,1
838, 폐색전증으로 인해 갑작스러운 호흡곤란과 의식 저하를 겪는 상태,1
839, 가슴 통증과 함께 심정지가 발생한 상태,1
840, 추락 사고로 인해 두부 손상과 함께 호흡이 멈춘 상태,1
841, 의식을 잃고 동공 반응이 없는 상태,1
842, 대량 화학물질에 노출되어 호흡 곤란과 의식 소실을 겪는 상태,1
843, 심한 외상으로 인해 혈액이 대량으로 손실된 상태,1
844, 열사병으로 인해 의식을 잃고 체온이 위험 수준으로 상승한 상태,1
845, 과다 출혈로 혈압이 급격히 떨어지고 맥박이 잡히지 않는 상태,1
846, 심각한 경추 손상으로 인해 호흡이 중단된 상태,1
847, 중증 감염으로 인해 혈압이 급격히 떨어지고 의식을 잃은 상태,1
848, 독사에 물려 쇼크와 의식 저하를 겪는 상태,1
849, 갑작스러운 심장 정지로 인해 쓰러진 상태,1
850, 심각한 폐 손상으로 인해 산소포화도가 급격히 떨어진 상태,1
851, 갑작스러운 기도 폐쇄로 인해 호흡이 멈춘 상태,1
852, 심각한 저체온증으로 의식 소실과 심정지를 겪는 상태,1
853, 중증 뇌출혈로 인해 의식이 없고 반응하지 않는 상태,1
854, 교통사고로 인해 다발성 장기 손상을 입고 호흡이 멈춘 상태,1
855, 심각한 심장 판막 손상으로 인해 호흡곤란과 의식 저하를 겪는 상태,1
856, 심각한 약물 과다 복용으로 의식이 없고 호흡이 느려지는 상태,1
857, 중증 간부전으로 인해 의식이 없고 혈압이 급격히 떨어지는 상태,1
858, 기도 화상으로 인해 숨을 쉬기 어려운 상태,1
859, 심한 외상으로 인해 경동맥 출혈이 지속되는 상태,1
860, 갑작스러운 뇌졸중으로 의식과 반응이 없는 상태,1
861, 뇌졸중으로 인해 혈압이 급격히 떨어지고 의식을 잃은 상태,1
862, 심각한 내출혈로 인해 혈압이 급격히 하락한 상태,1
863, 심장 이식 거부 반응으로 인해 심정지를 겪는 상태,1
864, 가스 중독으로 의식을 잃고 호흡이 느려지는 상태,1
865, 전신 화상으로 인한 쇼크로 의식을 잃은 상태,1
866, 심한 장기 손상으로 인해 의식이 소실된 상태,1
867, 고농도의 알코올 중독으로 인해 호흡이 중단된 상태,1
868, 심각한 간부전으로 의식을 잃고 반응이 없는 상태,1
869, 기도 폐쇄로 인해 숨을 멈추고 파랗게 변한 상태,1
870, 심각한 중증 폐렴으로 인해 산소포화도가 급격히 떨어지는 상태,1
871, 심한 화학물질 흡입으로 인해 호흡이 멈춘 상태,1
872, 폐색전증으로 인해 갑작스러운 호흡 중단 상태,1
873, 중증 당뇨병성 케톤산증으로 인해 의식이 소실된 상태,1
874, 고열로 인해 전신 경련과 의식 소실 상태,1
875, 심한 저나트륨혈증으로 인해 의식을 잃고 반응하지 않는 상태,1
876, 고칼슘혈증 위기로 인해 심정지를 겪는 상태,1
877, 심각한 감염성 쇼크로 혈압이 급격히 떨어진 상태,1
878, 급성 신부전으로 인해 혈압이 하락하고 의식을 잃은 상태,1
879, 심각한 내출혈로 인해 생명이 위태로운 상태,1
880, 심각한 두개골 손상으로 뇌출혈과 의식 소실 상태,1
881, 급성 폐쇄성 폐질환으로 호흡이 중단된 상태,1
882, 대량 출혈로 인해 맥박이 거의 잡히지 않는 상태,1
883, 약물 과다 복용으로 인해 경련과 의식 소실 상태,1
884, 급성 간 손상으로 인해 쇼크 상태에 빠진 상태,1
885, 갑작스러운 심장 마비로 호흡이 멈춘 상태,1
886, 목에 심한 외상을 입고 기도가 막힌 상태,1
887, 심한 화학 화상으로 의식을 잃고 반응하지 않는 상태,1
888, 극심한 산소 결핍으로 인해 청색증과 의식 소실 상태,1
889, 독사 물림 후 쇼크와 심정지 상태를 겪는 상태,1
890, 화재로 인한 기도 화상과 중증 호흡곤란을 겪는 상태,1
891, 대량의 독성 가스를 흡입해 산소포화도가 80% 이하로 떨어진 상태,1
892, 폐쇄성 기흉으로 인해 산소포화도가 급격히 떨어진 상태,1
893, 심한 열사병으로 의식을 잃고 심박수가 불규칙한 상태,1
894, 심한 동상으로 인해 쇼크와 의식 소실 상태,1
895, 급성 복부 대동맥류 파열로 인해 쇼크 상태에 빠진 상태,1
896, 심한 전기 충격으로 심정지를 겪고 있는 상태,1
897, 갑작스러운 뇌졸중으로 인해 의식을 잃고 반응하지 않는 상태,1
898, 심한 고압 사고로 인해 생명이 위태로운 상태,1
899, 심각한 뇌부종으로 인해 의식이 없고 동공 반응이 없는 상태,1
900, 중증 흉부 외상으로 인해 숨을 쉴 수 없는 상태,1
901, 심한 외상성 출혈로 혈압이 급격히 떨어지고 의식이 없는 상태,1
902, 화학물질 노출로 인해 심정지 상태에 빠진 경우,1
903, 급성 심근경색으로 심장 박동이 중단된 상태,1
904, 대동맥 파열로 인해 대량 출혈과 의식 소실 상태,1
905, 심각한 화상으로 체온이 급격히 하락하고 맥박이 약해지는 상태,1
906, 교통사고로 인해 다발성 골절과 쇼크 상태를 겪는 상태,1
907, 심각한 저산소증으로 인해 뇌 손상이 우려되는 상태,1
908, 갑작스러운 알레르기 반응으로 기도가 막히고 의식이 없는 상태,1
909, 심한 중독으로 인해 간과 신장이 멈춘 상태,1
910, 극심한 과다출혈로 인해 혈압이 측정되지 않는 상태,1
911, 열사병으로 체온이 치명적으로 상승하고 반응이 없는 상태,1
912, 갑작스러운 기흉으로 호흡이 중단된 상태,1
913, 심각한 다발성 외상으로 의식을 잃고 숨이 멎은 상태,1
914, 독극물에 중독되어 맥박이 느려지고 의식이 소실된 상태,1
915, 폐쇄성 후두부 손상으로 인해 기도가 차단된 상태,1
916, 치명적인 감염으로 인해 쇼크 상태와 함께 의식이 없는 상태,1
917, 기계 사고로 인해 주요 장기가 손상된 상태,1
918, 심각한 출혈성 쇼크로 인해 생명이 위급한 상태,1
919, 외부 충격으로 심장이 정지된 상태,1
920, 전신 경련을 일으키며 심정지 상태에 빠진 경우,1
921, 과도한 약물 반응으로 인해 심박수가 멈추고 의식이 없는 상태,1
922,"패혈증의 가능성이 있는 상태로, 고열과 빠른 호흡을 보이는 사람",2
923, 도주할 가능성이 높고 자신이나 타인의 안전을 위협할 수 있는 위험한 상태,2
924, 극심한 빈혈로 인해 어지럼증과 피로감을 느끼는 상태,2
925, 갑작스러운 현기증과 혼란으로 넘어질 위험이 있는 상태,2
926, 혈압이 불안정해 어지럽고 불안한 상태,2
927,중등도의 흉통을 호소하며 불편함을 느끼는 사람,2
928, 불안감을 호소하며 주위와 소통이 어려운 상태,2
929, 탈수 증상을 보이며 빠른 맥박과 혼란을 느끼는 상태,2
930, 심한 불면으로 인해 혼란스럽고 불안해하는 상태,2
931, 지속적인 오한과 발열로 패혈증이 의심되는 상태,2
932,도주 가능성이 높은  스스로를 통제하지 못하는 상태,2
933, 심한 두통과 어지럼증으로 균형을 잡지 못하는 상태,2
934,열이 나고 빠른 맥박을 보이며 패혈증이 의심되는 사람,2
935, 극심한 공황발작으로 호흡이 가빠지고 불안한 상태,2
936, 지속적인 발작 후 무기력과 혼란을 보이는 상태,2
937, 과도한 흥분 상태로 자신이나 타인에게 위협적인 상황,2
938, 어지럼증과 구토를 동반하며 혼란스러운 상태,2
939, 반복적으로 도주하려는 시도를 보이는 위험한 상태,2
940,패혈증이 의심되어 집중 관찰이 필요한 사람,2
941, 극심한 두통과 빛 민감증으로 불편함을 호소하는 상태,2
942, 갑작스러운 구토와 복통으로 괴로워하는 상태,2
943,도주할 가능성이 높아 추가적인 보호가 필요한 사람,2
944, 의식이 흐려지고 대화가 어려운 상태,2
945,패혈증의 가능성이 높아 빠른 치료가 필요한 사람,2
946, 반복적인 불안 발작으로 인해 안정을 취할 수 없는 상태,2
947, 극도의 불안과 함께 자신의 안전을 위협하는 상태,2
948, 갑작스러운 혼란과 방향 감각 상실을 겪는 상태,2
949,패혈증의 초기 증상을 보이며 고열과 빠른 호흡을 하는 사람,2
950, 스스로를 통제하지 못하며 도주할 위험이 높은 상태,2
951, 지속적인 오한과 발열로 불편함을 호소하는 상태,2
952, 극심한 피로로 인해 일상 활동이 어려운 상태,2
953, 심한 두통과 목 경직으로 인해 고통스러운 상태,2
954,도주 위험이 높아 지속적인 감시가 필요한 사람,2
955,패혈증이 의심되어 빠른 항생제 치료가 필요한 사람,2
956, 도주할 위험이 높아 의료진의 보호가 필요한 상태,2
957,중등도의 통증으로 인해 도움을 요청하는 사람,2
958, 급성 스트레스로 인해 심박수가 빨라지고 불안한 상태,2
959, 반복적인 패혈증 증상을 보이며 치료가 필요한 상태,2
960, 혼란스럽고 주변 상황을 이해하지 못하는 상태,2
961,도주 위험이 있어 치료가 어려운 상태의 사람,2
962, 열과 함께 빠른 맥박을 보이는 상태,2
963, 급성 발작 후 회복 중이나 혼란스러운 상태,2
964, 심한 공황 발작으로 자신을 해칠 가능성이 높은 상태,2
965, 두통과 고열로 인해 불편함을 느끼는 상태,2
966,도주 위험과 함께 치료가 필요해 관찰이 필요한 상태,2
967, 지속적인 흉통과 함께 불안을 호소하는 상태,2
968,패혈증이 의심되어 신속한 검사가 필요한 상태의 사람,2
969, 반복적인 어지럼증과 발열로 일상생활이 어려운 상태,2
970, 극심한 피로와 함께 열이 나는 상태,2
971, 흉통과 숨 가쁨을 호소하며 불안한 상태,2
972, 발열과 함께 빠른 호흡을 보이는 상태,2
973,도주 위험과 함께 의료진을 협조하지 않는 상태,2
974, 혼란 상태로 자신의 이름을 기억하지 못하는 상태,2
975,패혈증이 의심되어 집중 치료가 필요한 사람,2
976, 반복적으로 흉통을 호소하며 도움을 요청하는 상태,2
977, 갑작스러운 혼란으로 주변 사람들을 알아보지 못하는 상태,2
978, 열과 함께 복통을 호소하며 치료가 필요한 상태,2
979, 급성 스트레스로 인해 안정을 취하지 못하는 상태,2
980, 반복적인 발작으로 인해 피로감을 느끼는 상태,2
981,도주 위험이 있어 추가적인 보호가 필요한 상태의 사람,2
982,패혈증 초기 증상으로 고열과 혼란을 보이는 상태,2
983, 갑작스러운 어지럼증으로 넘어질 위험이 있는 상태,2
984, 열이 나며 빠른 맥박과 함께 혼란스러운 상태,2
985, 반복적인 발열과 함께 무기력함을 호소하는 상태,2
986,도주 가능성이 있는  협조하지 않는 상태,2
987, 극심한 혼란으로 자신의 이름을 기억하지 못하는 상태,2
988, 갑작스러운 흉통과 불안을 느끼며 괴로워하는 상태,2
989, 열과 함께 빠른 호흡을 하며 패혈증이 의심되는 상태,2
990, 갑작스러운 어지럼증으로 균형을 잡지 못하는 상태,2
991,패혈증 초기 증상을 보이며 혼란스러운 사람,2
992, 도주하려는 행동을 반복하며 위험한 상태,2
993, 열과 함께 피로감을 호소하며 도움을 요청하는 상태,2
994, 심한 두통과 함께 혼란을 느끼는 상태,2
995,패혈증이 의심되어 항생제 투여가 필요한 상태,2
996, 어지럼증과 함께 구토를 보이며 불편한 상태,2
997,도주 위험이 있어 치료를 방해하는 사람,2
998, 고열과 함께 복통을 느끼며 도움을 요청하는 상태,2
999, 빠른 호흡과 함께 열이 나는 상태,2
1000, 갑작스러운 혼란과 방향 감각 상실을 보이는 상태,2
1001, 패혈증의 가능성이 있어 긴급 검사가 필요한 상태,2
1002, 반복적으로 도주하려는 시도를 보이는 상태,2
1003, 심한 두통과 함께 주위를 인지하지 못하는 상태,2
1004,도주 가능성이 높아 안전 감시가 필요한 사람,2
1005,패혈증의 초기 증상으로 고열과 빠른 호흡을 보이는 상태,2
1006, 혼란과 방향 감각 상실로 넘어질 위험이 높은 상태,2
1007, 가벼운 오심과 어지럼증을 호소하며 수액 공급이 필요합니다.,3
1008,경미한 피부 홍반과 가려움을 보이는 사람는 알레르기 반응으로 보입니다.,3
1009,약간의 복부 팽만감을 느끼는 사람는 소화 장애의 가능성이 있습니다.,3
1010,손목을 삐끗한 사람는 약간의 부종과 통증으로 움직임이 제한됩니다.,3
1011, 경미한 설사와 함께 복통을 느끼고 있으며 탈수 증상이 우려됩니다.,3
1012,발목에 경미한 타박상을 입은 사람는 걷는 데 약간의 불편함을 호소하고 있습니다.,3
1013,약간의 열감과 목 부위 통증을 느끼는 사람는 경미한 감염으로 보입니다.,3
1014,약한 구토와 피로를 호소하는 사람는 가벼운 위장 장애를 겪고 있습니다.,3
1015,발등에 경미한 물집이 생긴 사람는 이동 시 약간의 통증을 호소하고 있습니다.,3
1016, 약간의 어깨 통증을 느끼며 팔 움직임에 불편함을 보이고 있습니다.,3
1017,코 부위가 약간 붓고 통증을 느끼는 사람는 외상에 의한 경미한 손상을 입었습니다.,3
1018,경미한 눈부심과 두통을 호소하는 사람는 잠시 안정을 취할 필요가 있습니다.,3
1019,손가락 끝에 작은 상처를 입은 사람는 소독과 드레싱이 필요합니다.,3
1020,약간의 흉부 불편감을 느끼는 사람는 스트레스성 증상일 가능성이 있습니다.,3
1021," 경미한 귀 울림과 청력 감소를 호소하고 있으며, 추가 검사가 필요합니다.",3
1022,발바닥에 작은 찰과상을 입은 사람는 움직일 때 약간의 불편함을 느끼고 있습니다.,3
1023,손등에 경미한 발적을 보이는 사람는 외부 자극에 의한 반응일 가능성이 있습니다.,3
1024, 약간의 허리 통증과 근육 경직을 느끼며 일상 활동이 제한됩니다.,3
1025,목 부위의 경미한 통증과 뻣뻣함을 호소하는 사람는 긴장성 근육 통증을 겪고 있습니다.,3
1026,코막힘과 함께 가벼운 두통을 느끼는 사람는 상기도 감염의 초기 증상일 수 있습니다.,3
1027, 발목을 삐었지만 중등도의 부종이나 출혈은 보이지 않습니다.,3
1028,가벼운 피로와 식욕 부진을 호소하는 사람는 추가적인 검사가 필요할 수 있습니다.,3
1029, 손에 가벼운 화상을 입고 약간의 통증을 느끼고 있습니다.,3
1030,경미한 어지럼증과 함께 걷는 데 약간의 불편함을 호소하는 사람입니다.,3
1031,작은 상처를 입고 지혈된 상태의 사람는 간단한 소독이 필요합니다.,3
1032, 가벼운 피부 발진과 가려움을 느끼며 추가적인 처치를 필요로 합니다.,3
1033,발목을 삔  약간의 부종과 불편함을 호소하고 있습니다.,3
1034,손목에 약간의 통증을 느끼는 사람는 움직임에 불편함을 보입니다.,3
1035, 약간의 발열과 근육통을 느끼며 초기 감염 증상을 보이고 있습니다.,3
1036, 경미한 코피와 함께 약간의 어지럼증을 느끼고 있습니다.,3
1037, 손톱 밑에 작은 상처를 입고 소독을 필요로 하고 있습니다.,3
1038,약간의 흉부 통증을 느끼는 사람는 휴식 후 증상이 완화될 가능성이 있습니다.,3
1039, 경미한 두통과 피로를 호소하며 진통제를 필요로 합니다.,3
1040,작은 찰과상을 입은 사람는 소독 후 경과 관찰이 필요합니다.,3
1041, 약간의 근육 경직과 허리 통증을 느끼며 자세 변화에 불편함을 보이고 있습니다.,3
1042,발가락 부위에 작은 타박상을 입은 사람는 약간의 불편함을 느끼고 있습니다.,3
1043, 경미한 복부 통증을 호소하며 추가 검사가 필요할 수 있습니다.,3
1044, 경미한 발열과 몸살 증상을 느끼며 초기 독감 증상을 보이고 있습니다.,3
1045,약간의 어깨 통증과 움직임 제한을 호소하는 사람는 물리치료가 필요할 수 있습니다.,3
1046,손가락 관절에 약간의 부종과 통증을 느끼는 사람는 단순 염증 증상을 보입니다.,3
1047, 약간의 구토와 복부 불편감을 느끼며 탈수 증상이 우려됩니다.,3
1048,작은 찰과상을 입고 출혈이 멈춘 사람는 드레싱이 필요합니다.,3
1049,약간의 통증을 느끼는 사람는 추가적인 검사 없이 관찰이 필요합니다.,3
1050, 약간의 근육통과 발열을 느끼며 초기 감염 증상을 보이고 있습니다.,3
1051,가벼운 목 통증과 뻣뻣함을 느끼는 사람는 긴장성 근육통으로 보입니다.,3
1052,작은 물집이 생긴 사람는 추가적인 처치가 필요하지 않을 수 있습니다.,3
1053,경미한 흉부 불편감을 느끼는 사람는 스트레스가 원인일 가능성이 있습니다.,3
1054, 발등에 가벼운 타박상을 입고 약간의 통증을 호소하고 있습니다.,3
1055, 약간의 발열과 복통을 호소하며 소화 장애 증상을 보이고 있습니다.,3
1056,가벼운 코막힘과 함께 두통을 느끼는 사람는 상기도 감염 초기 증상으로 보입니다.,3
1057, 약간의 두통과 피로감을 호소하며 증상이 점차 완화되고 있습니다.,3
1058,목 부위에 경미한 뻣뻣함과 통증을 느끼는 사람는 스트레칭이 필요합니다.,3
1059,발가락에 약간의 찰과상을 입은 사람는 소독 후 경과를 지켜보면 될 상태입니다.,3
1060, 약간의 복부 불편감을 호소하며 추가적인 검사와 진료가 필요할 수 있습니다.,3
1061,경미한 구토와 복부 팽만감을 호소하는 사람는 일시적인 소화 불량일 가능성이 있습니다.,3
1062, 가벼운 두통과 함께 약간의 어지럼증을 느끼고 있습니다.,3
1063,약간의 피부 발진을 보이는 사람는 경미한 알레르기 반응으로 보입니다.,3
1064, 발등에 가벼운 통증을 호소하며 다리를 사용할 때 불편함을 느끼고 있습니다.,3
1065,소화불량과 경미한 복통을 겪고 있는 사람는 추가적인 치료가 필요할 수 있습니다.,3
1066, 가벼운 열감과 함께 가벼운 근육통을 느끼고 있습니다.,3
1067,상처 부위가 약간 붓고 통증이 있는 사람는 소독과 드레싱이 필요합니다.,3
1068, 약간의 어지러움과 함께 가벼운 현기증을 느끼고 있습니다.,3
1069,피부에 경미한 상처와 발적을 보이는 사람는 치료가 필요하지 않을 수 있습니다.,3
1070, 가벼운 복부 통증을 느끼며 소화 불량의 증상을 보이고 있습니다.,3
1071,경미한 발열과 함께 가벼운 두통을 호소하는 사람는 감기 초기 증상일 가능성이 있습니다.,3
1072, 약간의 어지러움과 함께 가벼운 구토를 호소하고 있습니다.,3
1073,상처 부위에 경미한 출혈이 발생한 사람는 압박 후 상태를 확인할 필요가 있습니다.,3
1074, 손목 부위에 가벼운 타박상을 입고 있습니다.,3
1075, 가벼운 두통과 함께 목 부위에 약간의 경직을 느끼고 있습니다.,3
1076,경미한 불안과 함께 가벼운 심장 박동을 느끼는 사람는 추가적인 모니터링이 필요합니다.,3
1077, 약간의 복부 통증과 함께 설사를 호소하고 있습니다.,3
1078, 팔꿈치 부위에 작은 찰과상을 입고 소독이 필요합니다.,3
1079,발가락에 약간의 찰과상과 통증을 느끼는 사람는 소독과 진료가 필요합니다.,3
1080, 약간의 열과 함께 가벼운 근육통을 겪고 있습니다.,3
1081,경미한 기침과 함께 약간의 가래를 호소하는 사람는 상기도 감염이 의심됩니다.,3
1082, 약간의 흉부 통증과 함께 불안감을 느끼고 있습니다.,3
1083, 가벼운 발열과 함께 근육 경련을 느끼고 있습니다.,3
1084,경미한 목 통증과 함께 체온 상승을 느끼는 사람는 가벼운 감염 증상일 수 있습니다.,3
1085, 약간의 두통과 함께 가벼운 복부 불편감을 느끼고 있습니다.,3
1086, 발끝에 작은 타박상을 입고 있으며 경미한 통증을 호소하고 있습니다.,3
1087, 약간의 구역질과 함께 피로감을 느끼고 있습니다.,3
1088,손목 부위에 약간의 통증을 느끼는 사람는 부상 부위에 소염제를 필요로 합니다.,3
1089, 약간의 어지러움과 함께 체온이 상승하는 증상을 보이고 있습니다.,3
1090, 약간의 복부 팽만과 함께 가벼운 설사를 겪고 있습니다.,3
1091,손목에 작은 상처를 입은 사람는 소독 후 경과 관찰이 필요합니다.,3
1092, 가벼운 피부 발진과 두통을 보이며 초기 알레르기 반응으로 보입니다.,3
1093,약간의 귀 울림과 두통을 겪고 있는 사람는 일시적인 상태일 수 있습니다.,3
1094," 약간의 발열과 근육 통증을 호소하며, 초기 감염 증상을 보이고 있습니다.",3
1095,발목에 작은 상처를 입은 사람는 경미한 통증을 느끼고 있습니다.,3
1096,경미한 두통과 함께 약간의 눈부심을 느끼는 사람는 휴식 후 증상이 완화될 가능성이 있습니다.,3
1097, 경미한 복부 통증을 느끼며 설사를 겪고 있습니다.,3
1098,약간의 피로감을 느끼는 사람는 짧은 휴식이 필요합니다.,3
1099, 약간의 어지러움과 함께 가벼운 기침을 보이고 있습니다.,3
1100,손가락 부위에 작은 상처를 입은 사람는 경미한 통증을 호소하고 있습니다.,3
1101," 가벼운 발열과 두통을 느끼고 있으며, 경과를 지켜보아야 합니다.",3
1102,경미한 발열과 함께 어지럼증을 호소하는 사람는 휴식이 필요합니다.,3
1103, 약간의 팔꿈치 통증과 함께 불편함을 느끼고 있습니다.,3
1104,약간의 복부 팽만감을 느끼는 사람는 소화불량 증상으로 보입니다.,3
1105, 약간의 가슴 통증을 호소하며 심리적인 스트레스를 겪고 있습니다.,3
1106,경미한 두통과 함께 약간의 피로를 느끼는 사람는 휴식 후 증상이 완화될 가능성이 있습니다.,3
1107, 약간의 두통과 함께 불편함을 느끼고 있지만 증상은 경미합니다.,4
1108, 경미한 근육통과 가벼운 피로감을 호소하는 상태입니다.,4
1109,간헐적인 가벼운 기침을 겪고 있지만 전반적으로 안정된 상태의 사람입니다.,4
1110, 약간의 복부 불편감을 호소하지만 큰 증상은 없는 상태입니다.,4
1111,소화불량을 겪고 있는 사람는 가벼운 불편감을 느끼고 있으며 안정된 상태입니다.,4
1112, 가벼운 어지럼증을 느끼고 있지만 다른 증상은 없는 상태입니다.,4
1113, 약간의 열을 느끼고 있지만 증상은 경미하고 상태는 안정적입니다.,4
1114," 기침을 동반한 가벼운 감기 증상으로, 불편하지만 상태는 안정적입니다.",4
1115, 복부 팽만감을 느끼고 있지만 큰 불편함은 없이 상태가 안정적입니다.,4
1116,기침과 약간의 콧물이 있는 사람는 상태가 비교적 안정적입니다.,4
1117, 경미한 피부 발진을 보이지만 전반적인 상태는 안정적입니다.,4
1118, 약간의 눈부심을 느끼고 있지만 불편함은 적고 안정된 상태입니다.,4
1119, 약간의 근육 경련을 겪고 있지만 증상은 경미하고 안정된 상태입니다.,4
1120, 가벼운 두통과 피로감을 호소하는 상태입니다.,4
1121,경미한 상처를 입었지만 상태는 안정적이고 큰 불편함은 없습니다.,4
1122, 경미한 기침과 가벼운 발열을 겪고 있지만 안정된 상태입니다.,4
1123, 피로감을 느끼고 있지만 증상은 경미하고 상태는 안정적입니다.,4
1124,약간의 목 통증을 겪고 있지만 큰 불편함 없이 상태는 안정적입니다.,4
1125, 가벼운 어지러움과 함께 약간의 피로감을 느끼고 있습니다.,4
1126, 경미한 체온 상승과 함께 가벼운 근육통을 겪고 있습니다.,4
1127," 약간의 구역질과 가벼운 피로를 느끼고 있으며, 증상은 경미합니다.",4
1128,소화불량을 겪고 있는 사람는 경미한 복통과 함께 상태는 안정적입니다.,4
1129, 가벼운 발열과 함께 약간의 두통을 겪고 있습니다.,4
1130, 경미한 어지러움과 가벼운 구토 증세를 보이고 있습니다.,4
1131, 약간의 복부 팽만을 느끼고 있으며 상태는 안정적입니다.,4
1132, 간헐적인 기침을 하며 약간의 호흡곤란을 겪고 있습니다.,4
1133,경미한 열감과 함께  피로감을 느끼고 있습니다.,4
1134, 약간의 복부 불편감을 호소하고 있지만 증상은 경미합니다.,4
1135, 가벼운 피로감과 어지러움을 겪고 있지만 상태는 안정적입니다.,4
1136," 가벼운 근육통을 겪고 있으며, 추가적인 치료는 필요하지 않은 상태입니다.",4
1137, 약간의 발열과 함께 두통을 겪고 있지만 전반적인 상태는 안정적입니다.,4
1138, 가벼운 복부 불편감을 느끼고 있지만 큰 증상은 없습니다.,4
1139, 약간의 피로와 함께 가벼운 두통을 호소하는 상태입니다.,4
1140," 약간의 콧물과 기침을 보이지만, 상태는 안정적입니다.",4
1141,경미한 기침과 약간의 목 통증을 겪고 있는 사람는 안정된 상태입니다.,4
1142, 가벼운 피부 발진을 보이지만 증상은 경미하고 안정적입니다.,4
1143, 가벼운 두통과 약간의 어지러움을 겪고 있지만 상태는 안정적입니다.,4
1144, 약간의 발열과 함께 피로감을 느끼고 있지만 안정된 상태입니다.,4
1145, 간헐적인 구역질을 느끼고 있지만 증상은 경미합니다.,4
1146, 약간의 근육 경련과 함께 가벼운 불편감을 느끼고 있습니다.,4
1147, 약간의 불안과 초조함을 느끼고 있지만 상태는 안정적입니다.,4
1148," 약간의 열을 느끼며, 경미한 불편함을 겪고 있습니다.",4
1149, 약간의 두통과 함께 가벼운 어지러움을 겪고 있습니다.,4
1150, 약간의 가슴 통증을 느끼고 있지만 불편함은 적습니다.,4
1151, 가벼운 피로와 함께 약간의 구역질을 겪고 있습니다.,4
1152, 경미한 피부 발진과 함께 가벼운 불편감을 느끼고 있습니다.,4
1153, 간헐적인 기침과 함께 가벼운 불편감을 느끼고 있습니다.,4
1154, 약간의 어지러움과 함께 가벼운 복부 불편감을 겪고 있습니다.,4
1155, 가벼운 두통과 함께 불편함을 호소하고 있으며 상태는 안정적입니다.,4
1156, 약간의 피로감과 함께 가벼운 두통을 겪고 있습니다.,4
1157, 약간의 발열과 함께 약간의 두통을 느끼고 있습니다.,4
1158, 가벼운 어지러움과 함께 약간의 피로감을 호소하고 있습니다.,4
1159, 간헐적으로 가벼운 기침을 하고 있으며 상태는 안정적입니다.,4
1160, 약간의 가슴 통증을 느끼고 있지만 상태는 비교적 안정적입니다.,4
1161, 약간의 발열과 함께 불안함을 느끼고 있지만 큰 증상은 없습니다.,4
1162, 약간의 가슴 두근거림을 겪고 있으며 불편하지만 상태는 안정적입니다.,4
1163, 가벼운 복부 불편감을 느끼고 있지만 증상은 경미합니다.,4
1164, 약간의 어지러움과 함께 피로감을 호소하고 있습니다.,4
1165, 약간의 복부 불편감을 겪고 있으며 상태는 안정적입니다.,4
1166," 간헐적인 두통을 느끼고 있으며, 증상은 경미하고 안정적입니다.",4
1167, 경미한 가슴 통증과 함께 약간의 불안감을 느끼고 있습니다.,4
1168, 약간의 발열과 함께 가벼운 근육통을 느끼고 있습니다.,4
1169, 약간의 발열과 함께 피로감을 호소하는 상태입니다.,4
1170, 약간의 기침과 함께 가벼운 목 통증을 보이고 있습니다.,4
1171, 약간의 피로감과 함께 가벼운 어지러움을 겪고 있습니다.,4
1172, 간헐적으로 약간의 구역질을 느끼고 있으며 상태는 안정적입니다.,4
1173, 경미한 발열과 함께 약간의 근육통을 겪고 있습니다.,4
1174, 가벼운 복부 통증을 느끼고 있지만 상태는 안정적입니다.,4
1175, 약간의 불안감을 느끼고 있지만 전반적인 상태는 안정적입니다.,4
1176, 간헐적인 피로감을 느끼고 있지만 상태는 안정적입니다.,4
1177, 약간의 어지러움과 함께 피로감을 느끼고 있습니다.,4
1178, 약간의 발열과 함께 두통을 호소하고 있습니다.,4
1179, 약간의 두통과 함께 경미한 구역질을 보입니다.,4
1180, 약간의 발열과 함께 가벼운 어지러움을 겪고 있습니다.,4
1181, 약간의 구토와 함께 피로감을 느끼고 있습니다.,4
1182, 약간의 복부 불편감을 겪고 있지만 증상은 경미합니다.,4
1183, 약간의 발열과 함께 가벼운 기침을 보입니다.,4
1184, 약간의 피부 발진과 함께 가벼운 불편감을 보이고 있습니다.,4
1185, 약간의 피로감을 느끼고 있지만 큰 불편함은 없습니다.,4
1186, 가벼운 어지러움과 함께 약간의 두통을 보입니다.,4
1187, 약간의 복부 불편감을 보이지만 상태는 안정적입니다.,4
1188, 약간의 가슴 통증과 함께 가벼운 불안감을 보이고 있습니다.,4
1189, 약간의 피로와 함께 간헐적인 두통을 겪고 있습니다.,4
1190, 약간의 피로감을 보이지만 큰 불편함은 없습니다.,4
1191, 약간의 복부 팽만을 느끼고 있지만 상태는 안정적입니다.,4
1192, 간헐적인 기침을 보이지만 증상은 경미합니다.,4
1193, 약간의 피로와 함께 가벼운 어지러움을 느끼고 있습니다.,4
1194, 약간의 발열과 함께 경미한 통증을 겪고 있습니다.,4
1195, 약간의 어지러움과 함께 가벼운 피로감을 보입니다.,4
1196, 약간의 발열과 함께 가벼운 근육통을 겪고 있습니다.,4
1197, 약간의 복부 불편감을 느끼고 있지만 상태는 안정적입니다.,4
1198, 약간의 구역질과 함께 가벼운 복부 불편감을 겪고 있습니다.,4
1199, 약간의 기침과 함께 피로감을 겪고 있습니다.,4
1200, 약간의 두통과 함께 불안감을 느끼고 있습니다.,4
1201, 간헐적인 기침과 함께 약간의 불안감을 보입니다.,4
1202, 약간의 피로와 함께 가벼운 불안감을 느끼고 있습니다.,4
1203, 약간의 두통과 함께 피로감을 느끼고 있습니다.,4
1204, 가벼운 발목 염좌를 겪고 있으며 큰 불편함은 없는 상태입니다.,5
1205, 경미한 무릎 통증을 느끼고 있지만 활동에는 큰 지장이 없는 상태입니다.,5
1206,"상지에 가벼운 찰과상이 있는 사람, 특별한 치료 없이 경미한 불편을 겪고 있습니다.",5
1207,"하지에 경미한 염좌가 있는 사람, 상태는 비교적 안정적이며 큰 불편함은 없습니다.",5
1208," 경미한 발목 통증을 느끼고 있으며, 일상 생활에 큰 지장이 없는 상태입니다.",5
1209,"피부에 경미한 긁힘이 있으며, 불편함은 있지만 치료가 필요하지 않은 상태입니다.",5
1210," 경미한 찰과상을 입고 있으며, 특별한 처치 없이 불편함만 있는 상태입니다.",5
1211,발목에 약간의 붓기와 통증을 겪고 있지만 활동에 큰 지장이 없는 상태입니다.,5
1212,"경미한 물리적 충격으로 인해 상지에 불편을 겪고 있는 사람, 상태는 안정적입니다.",5
1213,"피부에 작은 상처가 있으며, 특별한 치료 없이 불편함만 있는 상태입니다.",5
1214, 경미한 통증과 함께 약간의 발열을 겪고 있지만 큰 불편함은 없습니다.,5
1215,"하지에 경미한 피부 찰과상이 있으며, 상태는 안정적이고 치료가 필요하지 않습니다.",5
1216,가벼운 손목 통증을 느끼고 있지만 특별한 치료가 필요 없는 상태입니다.,5
1217,상지에 경미한 부상으로 인해 불편감을 느끼고 있지만 큰 증상은 없습니다.,5
1218,피부에 작은 상처와 함께 약간의 불편함을 느끼고 있지만 상태는 안정적입니다.,5
1219,"경미한 상처로 인해 약간의 불편함을 느끼고 있는 사람, 큰 치료는 필요하지 않은 상태입니다.",5
1220,경미한 찰과상과 함께  약간의 불편함을 느끼고 있습니다.,5
1221, 발목 염좌 후 약간의 불편함을 겪고 있으나 큰 문제가 없는 상태입니다.,5
1222,"피부에 가벼운 찰과상이 있으며, 특별한 치료 없이 상태는 안정적입니다.",5
1223, 약간의 발열과 함께 가벼운 피부 발진을 보이고 있습니다.,5
1224,"피부에 작은 상처가 있으며, 특별한 처치 없이 상태가 안정적인 상태입니다.",5
1225, 경미한 두통을 겪고 있지만 다른 증상은 없이 상태는 안정적입니다.,5
1226, 약간의 팔꿈치 통증을 겪고 있으며 특별한 치료가 필요하지 않은 상태입니다.,5
1227,"경미한 피부 발진을 겪고 있는 사람, 특별한 치료 없이 상태가 안정적입니다.",5
1228,경미한 팔꿈치 염좌로 인해 불편함을 느끼고 있지만 큰 증상은 없습니다.,5
1229, 경미한 피부 자극을 느끼고 있지만 상태는 안정적이고 큰 문제가 없습니다.,5
1230, 약간의 발목 통증을 느끼고 있지만 활동에 큰 영향을 미치지 않는 상태입니다.,5
1231," 약간의 무릎 통증을 겪고 있으며, 활동에 지장이 없는 상태입니다.",5
1232,"상지에 가벼운 찰과상이 있으며, 특별한 치료 없이 상태는 안정적입니다.",5
1233,경미한 손목 통증을 겪고 있지만 큰 불편함은 없는 상태입니다.,5
1234, 가벼운 발목 부상으로 약간의 불편함을 겪고 있으며 상태는 안정적입니다.,5
1235,"경미한 상처로 인해 약간의 불편함을 느끼고 있는 사람, 상태는 안정적입니다.",5
1236, 발목에 작은 염좌를 겪고 있지만 큰 불편함은 없습니다.,5
1237,"피부에 작은 상처가 있으며, 큰 불편함은 없고 특별한 치료가 필요하지 않은 상태입니다.",5
1238, 손목에 가벼운 염좌를 겪고 있지만 활동에 큰 지장이 없는 상태입니다.,5
1239, 약간의 발목 통증과 가벼운 붓기를 겪고 있지만 상태는 안정적입니다.,5
1240, 경미한 손목 통증을 겪고 있으며 특별한 치료가 필요하지 않은 상태입니다.,5
1241, 약간의 무릎 통증을 겪고 있지만 큰 불편함은 없는 상태입니다.,5
1242,피부에 경미한 자극을 겪고 있지만 큰 증상은 없으며 상태는 안정적입니다.,5
1243, 약간의 팔꿈치 통증을 겪고 있지만 상태는 안정적입니다.,5
1244,"발목에 경미한 염좌가 있으며, 큰 불편함은 없지만 약간의 불편감을 느끼고 있습니다.",5
1245,경미한 발목 찰과상으로 인해 약간의 불편함을 겪고 있지만 치료가 필요하지 않은 상태입니다.,5
1246, 경미한 두통을 겪고 있지만 상태는 안정적이며 큰 문제가 없습니다.,5
1247, 약간의 발목 통증을 겪고 있지만 일상 생활에 큰 영향을 미치지 않습니다.,5
1248,"손목에 경미한 부상이 있으며, 큰 불편함은 없습니다.",5
1249, 가벼운 발목 염좌를 겪고 있으며 상태는 안정적입니다.,5
1250, 약간의 피부 자극을 겪고 있지만 특별한 치료가 필요하지 않은 상태입니다.,5
1251,"피부에 가벼운 찰과상이 있으며, 상태는 안정적입니다.",5
1252, 약간의 발목 붓기와 통증을 겪고 있지만 큰 문제가 없는 상태입니다.,5
1253, 약간의 손목 통증을 느끼고 있지만 상태는 안정적입니다.,5
1254, 가벼운 피부 자극을 겪고 있으며 큰 불편함은 없는 상태입니다.,5
1255,"발목에 작은 상처가 있으며, 특별한 처치 없이 상태는 안정적입니다.",5
1256, 경미한 무릎 통증을 느끼고 있지만 상태는 안정적입니다.,5
1257,"상지에 경미한 찰과상이 있으며, 상태는 안정적입니다.",5
1258, 가벼운 손목 통증을 느끼고 있지만 상태는 안정적입니다.,5
1259,"경미한 발목 통증을 겪고 있는 사람, 상태는 안정적입니다.",5
1260, 약간의 발목 부상을 겪고 있지만 특별한 치료는 필요하지 않은 상태입니다.,5
1261," 약간의 피부 발진을 보이며, 상태는 안정적이고 큰 문제가 없습니다.",5
1262,"경미한 발목 통증과 함께 약간의 붓기를 보이는 사람, 상태는 안정적입니다.",5
1263, 약간의 발목 염좌로 인한 불편함을 느끼고 있지만 상태는 안정적입니다.,5
1264, 약간의 두통을 겪고 있지만 다른 증상은 없이 안정된 상태입니다.,5
1265, 약간의 손목 통증을 느끼고 있지만 불편함은 적고 상태는 안정적입니다.,5
1266,"발목에 경미한 부상이 있으며, 큰 불편함은 없고 상태는 안정적입니다.",5
1267, 약간의 발목 붓기와 통증을 겪고 있지만 활동에 지장이 없는 상태입니다.,5
1268, 약간의 발목 염좌를 겪고 있지만 치료가 필요하지 않은 상태입니다.,5
1269," 약간의 손목 통증을 겪고 있으며, 상태는 안정적이고 큰 불편함은 없습니다.",5
1270,"경미한 피부 발진이 있으며, 특별한 치료 없이 상태는 안정적입니다.",5
1271, 약간의 발목 붓기와 통증을 느끼고 있지만 큰 문제는 없습니다.,5
1272," 경미한 팔꿈치 통증을 겪고 있으며, 상태는 안정적입니다.",5
1273, 약간의 피부 자극을 겪고 있지만 상태는 안정적입니다.,5
1274, 약간의 발목 염좌를 겪고 있지만 특별한 치료 없이 상태는 안정적입니다.,5
1275,"피부에 작은 상처가 있으며, 큰 불편함은 없고 상태는 안정적입니다.",5
1276, 약간의 손목 부상으로 인한 불편함을 겪고 있지만 큰 문제가 없습니다.,5
1277," 경미한 발목 통증을 겪고 있으며, 상태는 안정적입니다.",5
1278, 약간의 팔꿈치 통증을 느끼고 있으며 상태는 안정적입니다.,5
1279,"피부에 경미한 상처가 있으며, 특별한 처치 없이 상태는 안정적입니다.",5
1280, 약간의 손목 부상을 겪고 있지만 특별한 치료가 필요하지 않은 상태입니다.,5
1281, 경미한 발목 통증을 겪고 있지만 일상 생활에 큰 지장이 없습니다.,5
1282,"피부에 작은 자극을 겪고 있는 사람, 큰 불편함은 없습니다.",5
1283, 약간의 발목 통증을 겪고 있으며 특별한 치료가 필요하지 않은 상태입니다.,5
1284,"상지에 가벼운 염좌가 있으며, 큰 불편함은 없고 상태는 안정적입니다.",5
1285, 약간의 발목 통증을 느끼고 있으며 활동에 큰 지장이 없는 상태입니다.,5
1286, 약간의 발목 붓기를 겪고 있지만 큰 불편함은 없습니다.,5
1287,"경미한 피부 발진을 보이고 있는 사람, 상태는 안정적입니다.",5
1288, 약간의 손목 통증을 겪고 있지만 큰 불편함은 없는 상태입니다.,5
1289, 약간의 발목 붓기와 통증을 겪고 있지만 상태는 안정적입니다.,5
1290,"발목에 경미한 부상이 있으며, 상태는 안정적입니다.",5
1291, 약간의 발목 염좌를 겪고 있지만 큰 불편함은 없습니다.,5
1292, 약간의 손목 통증을 겪고 있지만 상태는 안정적입니다.,5
1293, 경미한 발목 부상을 겪고 있지만 치료가 필요하지 않은 상태입니다.,5
1294, 약간의 팔꿈치 염좌로 인한 불편함을 겪고 있습니다.,5
1295, 약간의 손목 통증을 겪고 있지만 상태는 안정적이고 큰 불편함은 없습니다.,5
1296,"경미한 피부 발진을 보이고 있는 사람, 특별한 치료 없이 상태는 안정적입니다.",5
1297, 약간의 발목 붓기와 함께 경미한 통증을 겪고 있습니다.,5
1298, 약간의 발목 통증을 겪고 있으며 상태는 안정적입니다.,5
1299,"상지에 경미한 상처가 있으며, 특별한 치료 없이 상태는 안정적입니다.",5
1300, 약간의 발목 통증을 느끼고 있지만 상태는 안정적입니다.,5
1301, 약간의 발목 염좌를 겪고 있지만 특별한 치료가 필요하지 않은 상태입니다.,5
1302, 경미한 손목 통증을 겪고 있지만 특별한 치료 없이 상태는 안정적입니다.,5
1303,심각한 호흡곤란으로 숨을 쉬기 어려워하며 피부가 푸르스름하게 변색된 상태,1
1304,얼굴이 창백하고 식은땀을 흘리며 맥박이 거의 잡히지 않는 쇼크 상태,1
1305,"바닥에 쓰러져 의식을 잃었고, 주변의 소리에 반응하지 않으며, 몸이 움직이지 않는 상태",1
1306,심한 호흡곤란으로 숨을 쉬지 못해 곤란해하는 상태,1
1307,심각한 쇼크로 인해 혈압이 떨어지고 의식을 잃을 위험에 있는 상태,1
1308,의식을 잃고 반응이 없으며 몸이 축 늘어져 있는 상태,1
1309,심각한 호흡곤란으로 인해 가슴을 크게 오르내리며 숨을 쉬기 힘든 상태,1
1310,쇼크 상태로 혈압이 급격히 떨어지며 의식을 잃을 위험에 있는 상태,1
1311,"의식을 잃고 반응이 없으며, 주변 자극에 전혀 반응하지 않는 상태",1
1312,경련을 일으키며 몸이 떨리고 혼란스러운 상태,1
1313,자신이나 타인에게 해를 끼칠 구체적인 계획이나 충동을 억제하지 못하는 상태,1
1314,중증 호흡곤란을 겪고 있는 사람이며 생명이 위급한 상황입니다.,1
1315,쇼크 상태로 생명이 위급한 사람입니다,1
1316,무의식(GCS 3-8) 상태인 사람로 심각한 의식 저하가 있습니다.,1
1317,중증 호흡곤란을 겪고 있는 사람로 생명이 위급한 상황입니다.,1
1318,호흡곤란으로 인해 심하게 헐떡이며 숨을 쉬기 어려운 상태,1
1319,의식을 잃고 전혀 움직이지 않으며 외부 자극에 반응하지 않는 상태,1
1320,얼굴이 푸르스름하게 변하고 호흡이 멈출 위기에 처한 상태,1
1321,혈압이 급격히 떨어지고 생명을 위협받는 쇼크 상태,1
1322,바닥에 쓰러져 있으며 피부가 차갑고 창백한 상태,1
1323,심각한 호흡곤란으로 인해 의식을 잃을 위험에 있는 상태,1
1324,갑작스러운 심장마비로 인해 반응이 없고 의식이 없는 상태,1
1325,극심한 통증과 쇼크로 인해 혼란스러워하고 맥박이 잡히지 않는 상태,1
1326,경련을 일으키며 의식이 점점 흐려지는 상태,1
1327,타인에게 신체적으로 위험을 가할 가능성이 있는 흥분 상태,1
1328,건강한 상태에서 갑작스럽게 공격적이고 위험한 행동을 보이는 사람,1
1329,싸움 중 부상을 입고 의식을 잃을 위험에 있는 상태,1
1330,중증 호흡곤란으로 인해 산소포화도가 급격히 떨어지고 있는 상태,1
1331,쇼크로 인해 혈압이 60/40 이하로 떨어진 매우 위급한 상태,1
1332,무의식 상태에서 전혀 반응하지 않으며 심각한 의식 저하를 보이는 상태,1
1333,심한 호흡곤란으로 인해 말조차 할 수 없는 위급한 상태,1
1334,쇼크로 인해 생명이 위급하며 즉각적인 응급 처치가 필요한 상태,1
1335,의식을 잃은 사람이 주변 소음과 자극에도 전혀 반응하지 않는 상태,1
1336,피부가 푸르스름하고 혈압이 급격히 떨어지는 심각한 쇼크 상태,1
1337,경련을 동반한 의식 상실로 인해 사람이 위급한 상태에 있는 상황,1
1338,심장마비로 의식이 없고 맥박과 호흡이 없는 상태입니다. 즉각적인 응급조치가 필요합니다.,1
1339,교통사고로 인해 피해자가 차량에 깔려 있으며 다량의 출혈이 관찰됩니다. 생명 위협 상태로 긴급조치가 필요합니다.,1
1340,남성가 심한 두통을 호소하며 의식이 저하되고 있는 상태입니다. 즉시 응급실로 이송해야 합니다.,1
1341,"낙상으로 인해 두개골 골절이 의심되며, 사람는 의식이 없고 출혈이 심한 상태입니다.",1
1342,여성이 교통사고로 가슴 통증을 호소하며 의식이 점차 흐려지는 상태입니다. 응급조치가 필요합니다.,1
1343,화재 현장에서 발견된 사람이 심한 화상과 의식 저하를 보이고 있습니다. 긴급히 치료가 필요합니다.,1
1344,익수로 인해  의식이 없고 숨을 쉬지 않는 상태입니다. 심폐소생술이 필요합니다.,1
1345,사람이 심한 가슴 통증을 호소하며 혈압이 급격히 떨어지고 의식이 혼미한 상태입니다.,1
1346,바닥에 쓰러진 남성이 의식이 없고 맥박이 약하게 느껴지며 호흡이 불규칙합니다. 긴급 치료가 필요합니다.,1
1347,중증 탈수 상태로 인해  의식을 잃고 심한 전신 경련을 보이고 있습니다.,1
1348,화학물질 노출로 인해  숨을 쉬지 못하며 피부에 심한 화상이 발생했습니다.,1
1349,산소 부족으로 인해  파랗게 변하며 의식을 잃은 상태입니다. 즉각적인 산소 공급이 필요합니다.,1
1350,추락 사고로 인해 척추 손상이 의심되며  움직이지 못하고 의식이 없습니다.,1
1351,심각한 교통사고로 인해 사람의 하체가 부러지고 다량의 출혈이 발생하고 있습니다.,1
1352,중증 패혈증  고열과 의식 혼미를 보이며 혈압이 급격히 떨어지고 있습니다.,1
1353,화상 사고로 인해 피부가 심하게 손상되고  통증으로 의식을 잃은 상태입니다.,1
1354,가스 누출로 인해  의식을 잃고 숨을 쉬지 못하는 상태입니다.,1
1355,심장박동이 정지된  발견되었으며 즉각적인 CPR이 필요합니다.,1
1356,산사태로 인해  매몰되었으며 구조 후 의식이 없는 상태입니다.,1
1357,뇌출혈이 의심되는  의식을 잃고 쓰러진 상태입니다. 즉각적인 진단이 필요합니다.,1
1358,교통사고로 다리 절단이 발생했으며 출혈이 심하고 의식이 저하된 상태입니다.,1
1359,익사 위기에서 구조된  숨을 쉬지 못하며 심폐소생술이 필요한 상황입니다.,1
1360,화재 연기 흡입으로 인해  의식을 잃고 호흡 정지가 발생했습니다.,1
1361,건설 사고로 인해  팔이 절단되고 다량의 출혈이 발생하고 있는 상태입니다.,1
1362,심한 두통과 의식 저하를 보이는  뇌졸중이 의심되는 상태입니다.,1
1363,급성 천식 발작으로  숨을 쉬지 못하며 호흡 정지가 발생했습니다.,1
1364,독사에 물린  의식을 잃고 쇼크 상태를 보이며 긴급 항독소 투여가 필요합니다.,1
1365,산소 결핍으로 인해  기절하고 심각한 호흡곤란 상태를 보이고 있습니다.,1
1366,화학물질 노출로 인해 피부가 타버리고  의식을 잃은 상태입니다.,1
1367,심한 저체온증으로 인해  의식을 잃고 피부가 파랗게 변하고 있습니다.,1
1368,중증 탈수 상태로 인해  심한 혼수상태에 빠졌으며 즉각적인 수액 공급이 필요합니다.,1
1369,충돌 사고로 인해 머리 손상이 심각하며  의식이 없는 상태,1
1370,전기 화상으로  의식을 잃고 심각한 화상 부위를 가진 상태,1
1371,고온 환경에 노출된  열사병으로 의식을 잃고 혼수상태에 빠졌습니다.,1
1372,독성 가스를 마신  의식을 잃고 호흡 정지를 보이고 있는 상태,1
1373,뇌진탕으로 인해  의식을 잃고 신경학적 증상을 보이고 있습니다.,1
1374,강력한 충격으로 인해 내출혈이 의심되는  의식을 잃고 쓰러져 있습니다.,1
1375,차량 전복 사고로 인해 다수의 부상을 입은  의식이 없는 상태입니다.,1
1376,총상을 입은  심각한 출혈로 인해 의식을 잃고 있습니다.,1
1377,추락 사고로  척추 손상이 의심되며 하반신이 마비된 상태입니다.,1
1378,심한 교통사고로 인해 사람의 가슴이 함몰되고 의식이 없는 상태입니다.,1
1379,산소 부족 환경에서  의식을 잃고 생명이 위태로운 상태입니다.,1
1380,화재 사고로 인한 화상으로 인해  의식을 잃고 피부가 심각하게 손상된 상태입니다.,1
1381,중증 패혈증  혈압이 급격히 떨어지고 혼수 상태에 빠졌습니다.,1
1382,충격으로 인해  머리 손상을 입고 의식을 잃은 상태입니다.,1
1383,심한 추락 사고로 인해 다리가 부러지고 출혈이 심한  의식이 없습니다.,1
1384,가스 폭발 사고로 인해  화상을 입고 의식을 잃은 상태입니다.,1
1385,고온 환경에 노출된  심한 열사병 증상을 보이며 의식을 잃고 있습니다.,1
1386,심장 부정맥으로 인해  의식을 잃고 맥박이 없는 상태입니다.,1
1387,심한 교통사고로 인해 사람의 가슴이 손상되고 호흡이 정지된 상태입니다.,1
1388,"패혈증의 증상으로 고열, 빠른 호흡, 혼란을 보이는 상태",2
1389,사람이 도주할 가능성이 높아 자신이나 타인의 안전을 위협하는 상태,2
1390,사람이 극심한 불안과 초조함을 느끼며 안절부절 못하는 상태,2
1391,"심한 불안과 초조함을 느끼며, 주위를 경계하는 상태",2
1392,숨을 가쁘게 쉬며 중등도의 호흡곤란을 겪는 상태,2
1393,의식이 흐려지고 주변 상황을 인지하지 못하는 상태,2
1394,극도의 불안을 느끼며 자신의 안전에 위협을 느끼는 상태,2
1395,패혈증 의심으로 인해 빠른 맥박과 혼란이 동반된 사람,2
1396,최근 발작을 경험한  초조함과 불안을 지속적으로 느끼는 상태,2
1397,중등도의 호흡곤란을 겪으며 숨을 가쁘게 쉬는 상태,2
1398,열이 나고 감염의 징후를 보이며 면역이 억제된 사람,2
1399,자신의 안전을 위협받는다고 생각하며 주변에 경계심을 보이는 상태,2
1400,패혈증으로 인해 고열과 혈압 저하가 동반된 상태,2
1401,호흡이 불규칙하며 중등도의 산소 부족 증상을 보이는 상태,2
1402,극도의 초조함과 혼란을 느끼며 안정되지 않는 상태,2
1403,패혈증 의심으로 인해 발열과 급격한 상태 악화를 보이는 사람,2
1404,지속적으로 도주를 시도하며 타인의 안전을 위협하는 상태,2
1405,중등도의 호흡곤란으로 인해  대화 중 숨을 고르기 힘든 상태,2
1406,최근 감염 증상이 나타난  열과 면역 저하를 동반한 상태,2
1407,자신과 타인의 안전에 위협을 가할 수 있는 불안정한 상태,2
1408,패혈증으로 의심되는 상태에서 빠른 호흡과 혼란을 보이는 상태,2
1409,열이 심하게 나며 면역력 저하로 감염 위험이 큰 사람,2
1410,중등도의 호흡곤란을 겪으며 빠른 호흡으로 고통받는 상태,2
1411,패혈증으로 의심되는  고열과 혈역학적 불안을 보이는 상태,2
1412,도주 가능성이 높으며 타인을 공격할 위험이 있는 사람,2
1413,중등도의 산소 부족으로  가쁜 숨을 몰아쉬는 상태,2
1414,갑자기 심한 가슴 통증을 호소하고 있어 숨쉬기가 힘들어 보이며 얼굴이 창백하고 땀을 많이 흘리고 있습니다,2
1415,심한 복통과 함께 구토를 반복하며 의식이 흐릿해 보입니다.즉시 구급차를 호출해주세요.,2
1416,갑자기 쓰러지며 호흡이 어려운 모습을 보입니다. 얼굴이 창백하고 땀을 흘리며 의식이 혼미합니다.,2
1417,팔에 심한 통증을 호소하며 쓰러지려고 합니다. 숨쉬기가 어려운 상태로 의식은 있지만 혼미해 보입니다.,2
1418,갑자기 손과 발의 마비 증상과 함께 가슴 통증을 호소합니다. 숨쉬기 힘들어 보이며 의식이 혼미합니다.,2
1419,급격한 두통과 함께 시야가 흐려지고 구토를 동반하고 있습니다. 의식은 있지만 매우 혼미해 보입니다.,2
1420,갑자기 가슴 중앙에 통증을 느끼며 숨쉬기가 어려운 모습을 보입니다. 창백하고 땀이 많이 납니다.,2
1421,급격한 두통과 함께 한쪽 팔의 마비 증상을 보이며 쓰러지려고 합니다. 의식은 있지만 매우 혼란스러워 보입니다.,2
1422,심한 가슴 통증과 함께 숨쉬기가 어려워 보입니다. 얼굴이 창백하고 땀을 흘리고 있으며 의식이 혼미합니다.,2
1423,급격히 쓰러지며 호흡이 어렵고 의식이 희미해 보입니다. 심한 가슴 통증을 호소하며 창백한 얼굴을 보입니다.,2
1424,갑자기 강한 복통을 호소하며 쓰러지려고 합니다. 의식은 혼미하고 피부가 차갑고 창백합니다.,2
1425,급격한 두통과 함께 구토를 하고 있습니다. 의식은 있지만 혼미해 보이며 몸이 떨리는 증상이 있습니다.,2
1426,심한 가슴 통증을 호소하고 숨쉬기가 힘들어 보입니다. 얼굴이 창백하고 땀이 많이 나며 의식이 흐릿합니다.,2
1427,급격한 복통을 느끼며 얼굴이 창백하고 땀을 흘리고 있습니다. 의식이 혼미해 보입니다.,2
1428,갑자기 심한 가슴 통증을 느끼며 호흡이 어려운 상태입니다. 의식이 흐릿하고 창백한 얼굴을 보입니다.,2
1429,기절하며 심한 가슴 통증과 숨쉬기가 어려운 상태입니다. 얼굴이 창백하고 땀을 많이 흘리고 있습니다.,2
1430,급격한 두통을 호소하며 구토와 함께 시야가 흐려지고 있습니다. 의식은 있지만 매우 혼미해 보입니다.,2
1431,호흡곤란을 호소하며 의식이 혼미한 상태입니다. 얼굴이 창백하고 땀이 나며 심한 가슴 통증을 느낍니다.,2
1432,가슴 통증을 호소하며 숨쉬기가 힘들어 보입니다. 얼굴이 창백하고 땀을 흘리며 의식이 혼미합니다.,2
1433,심한 두통과 함께 구토를 하고 있으며 의식이 흐릿합니다. 얼굴이 창백하고 시야가 흐려져 있습니다.,2
1434,가슴 통증과 함께 심한 호흡곤란을 호소하며 의식이 흐릿합니다. 얼굴이 창백하고 땀을 많이 흘리고 있습니다.,2
1435,호흡곤란과 심한 가슴 통증을 호소하며 의식이 혼미해 보입니다.,2
1436,두통을 느끼며 구토를 하고 얼굴이 창백합니다. 의식은 있지만 혼미한 상태입니다.,2
1437,심한 가슴 통증과 호흡 곤란을 호소하며 의식이 혼미한 상태입니다. 창백한 얼굴과 땀을 많이 흘리고 있습니다.,2
1438,복통을 느끼며 쓰러지려고 합니다. 얼굴이 창백하고 의식이 흐릿합니다.,2
1439,급격한 호흡곤란을 느끼며 의식이 혼미해 보입니다. 심한 가슴 통증을 호소하며 얼굴이 창백하고 땀을 흘리고 있습니다.,2
1440,의식을 잃고 호흡이 어려운 상태입니다. 가슴 통증과 함께 얼굴이 창백하고 땀이 많이 나고 있습니다.,2
1441,호흡이 어려워지며 얼굴이 창백하고 의식이 혼미한 상태입니다. 응급 상황으로 판단됩니다.,2
1442,심한 가슴 통증과 호흡곤란을 느끼며 쓰러지려고 합니다. 의식은 있지만 혼미해 보입니다.,2
1443,두통과 함께 시야가 흐려지며 구토를 합니다. 의식은 있지만 혼미한 상태입니다.,2
1444,호흡곤란을 느끼며 가슴 통증을 호소합니다. 의식이 흐릿하고 창백한 얼굴을 보입니다.,2
1445,급격히 의식을 잃고 쓰러지며 가슴 통증과 호흡곤란을 겪고 있습니다. 얼굴이 창백하고 땀이 나고 있습니다.,2
1446,강한 복통을 호소하며 의식이 혼미해지고 있습니다. 얼굴이 창백하고 땀을 흘리고 있습니다.,2
1447,기절하며 심한 호흡곤란을 느끼고 있습니다. 의식은 흐릿하며 창백한 얼굴을 보입니다.,2
1448,갑자기 가슴 통증을 호소하며 의식이 혼미하고 호흡이 어려운 상태입니다.,2
1449,가슴 통증과 함께 숨쉬기가 어려운 상태입니다. 의식이 흐릿하고 얼굴이 창백합니다.,2
1450,급격한 두통과 구토를 하며 의식이 흐릿해 보입니다.,2
1451,급격한 가슴 통증과 함께 호흡 곤란을 겪고 있습니다. 의식이 혼미하고 창백한 얼굴을 보입니다.,2
1452,심한 가슴 통증과 함께 숨쉬기가 어려운 상태입니다. 의식은 있지만 혼미한 상태로 창백한 얼굴을 보입니다.,2
1453,의식을 잃고 쓰러지며 가슴 통증과 호흡곤란을 겪고 있습니다. 얼굴이 창백하고 땀이 납니다. 즉시 구급차를 호출해주세요.,2
1454,가슴 통증과 함께 호흡 곤란을 느끼며 의식이 흐릿한 상태입니다.,2
1455,의식을 잃고 쓰러지며 호흡이 어려운 상태입니다. 얼굴이 창백하고땀이 나고 있습니다.,2
1456,두통과 함께 구토를 하고 의식이 흐릿합니다.,2
1457,호흡이 어려워지며 얼굴이 창백하고 의식이 혼미한 상태입니다. 즉시 구급차를 호출해주세요.,2
1458,급격히 가슴 통증과 함께 의식이 흐릿한 상태입니다. 숨쉬기가 어려운 모습이 보입니다.,2
1459,호흡이 어려워지고 심한 가슴 통증을 호소합니다. 의식은 있지만 혼미한 상태입니다.즉시 구급차를 호출해주세요.,2
1460,심한 복통을 느끼며 얼굴이 창백하고 의식이흐릿합니다,2
1461,급격한 두통과 구토를 하며 의식이 혼미해 보입니다.,2
1462,호흡이 어려워지며 의식이 흐릿한 상태입니다. 구급차를 호출해주세요.,2
1463,급격한 복통과 함께 쓰러지려 합니다. 의식은 있지만 매우 혼미해 보입니다.,2
1464,보행이 어려워진 사람는 균형을 잃고 불안정하게 움직이고 있습니다.,3
1465,급성 중심성 중등도 통증(4-7)을 겪는 사람는 불편함을 느끼며 통증을 호소하고 있습니다.,3
1466,경증 탈수를 겪고 있는 사람는 갈증을 느끼며 추가적인 수분 섭취가 필요할 수 있습니다.,3
1467,열이 나고 약간의 통증을 호소하는 사람는 안정적인 상태로 보입니다.,3
1468,경미한 천식 증상을 보이는 사람는 숨쉬기가 약간 불편한 상태입니다.,3
1469,급성 중심성 중등도 통증을 호소하는 사람는 통증으로 인해 약간의 불편함을 겪고 있습니다.,3
1470,호흡곤란이 경미한 사람는 숨쉬기에 약간의 불편함을 느끼고 있지만 상태는 안정적입니다.,3
1471,비정상적인 맥박수는 있지만 혈압이 안정적인 사람는 추가적인 관찰이 필요합니다.,3
1472,갑작스러운 두통을 호소하는 사람는 중등도의 불편함을 느끼고 있습니다.,3
1473,열이 나며 약간의 피로감을 느끼는 사람는 현재 안정적인 상태로 보입니다.,3
1474,급성 말초성 중증 통증(8-10)을 겪고 있는 사람는 극심한 고통을 느끼며 치료가 필요합니다.,3
1475,경증 호흡곤란을 겪고 있는 사람는 숨이 약간 가쁘며 약간의 불안감을 느끼고 있습니다.,3
1476,이물질로 인해 약간의 연하장애를 겪는 사람는 음식 섭취에 불편함을 느끼고 있습니다.,3
1477,갑자기 어지러움을 느끼는 사람는 균형을 유지하기 어려워 보입니다.,3
1478,혈압이 수축기 200 이상으로 높지만 다른 증상은 없는 사람는 안정적으로 보입니다.,3
1479,급성 탈수를 겪고 있는 사람는 갈증과 약간의 피로를 느끼고 있습니다.,3
1480,경증의 출혈을 보이는 사람는 출혈이 경미하지만 추가적인 모니터링이 필요합니다.,3
1481,중등도 탈수를 겪고 있는 사람는 가벼운 어지럼증과 피로를 호소하고 있습니다.,3
1482,호흡곤란 없이 가벼운 연하장애를 보이는 사람는 음식을 삼키는 데 약간의 불편함을 느끼고 있습니다.,3
1483,열이 나지만 SIRS 기준에 미치지 않는 사람는 안정적인 상태를 유지하고 있습니다.,3
1484,급성발병으로 지속적인 증상을 보이는 사람는 추가 검사를 통해 원인을 파악해야 합니다.,3
1485,기침과 콧물이 나고 있으며피곤해 보이고 식사도 잘 하지 않아요.,3
1486,목에 이물감과 가벼운 인후통을 느끼고 계십니다. 증상이 나아지지 않아서 걱정되는데,3
1487,손목을 살짝 삐었는데 붓기와 통증이 계속됩니다.,3
1488,"발열이 계속되고 있으며, 피로감을 호소하고 있습니다.",3
1489,어제부터 가벼운 두통을 호소하며 식사도 잘 하지 않아요.,3
1490,배탈이 나며 설사를 계속하고 있습니다. 응급상황은 아닌 것 같지만,3
1491,몸에 발진이 생기고 열도 38도까지 오르고 있습니다.,3
1492,계속해서 피로감을 호소하며 기운이 없어요. 증상이 나아지지 않아,3
1493,"목이 붓고 삼키기 힘들다고 하시는데, 별다른 열은 없어요",3
1494,눈이 붓고 가벼운 열도 있는 상태입니다. 증상이 가라앉지 않으면 병원에 가는 것이 좋겠어요.,3
1495,다리가 부어서 걷기 힘들어하십니다.진료를 받아보는 것이 좋겠습니다.,3
1496,일주일 전부터 기침이 계속되고 있습니다. 가벼운 열도 동반돼요,3
1497,"귀에 통증을 호소하고 있으며, 열도 38도 정도 있습니다.",3
1498,며칠째 소화불량과 가벼운 복통을 느끼고 있습니다.,3
1499,최근 며칠 동안 잠을 잘 자지 못하고 피곤해 보입니다.,3
1500,최근 기침이 계속되고 목이 아프다고 하십니다.,3
1501,손에 가벼운 타박상을 입었는데 계속 아파하십니다.,3
1502,피부에 가벼운 발진이 생기고 열도 38도까지 올랐습니다,3
1503,다리 부상을 입었지만 통증은 비교적 가벼운 상태입니다.,3
1504,기침을 계속하고 있으며 가벼운 목 통증을 호소하고 있습니다.,3
1505,며칠째 손목 통증을 호소하고 있습니다.,3
1506,눈이 가려운 상태로 발진이 나타났습니다.,3
1507,며칠째 소화불량을 겪고 있으며 식사도 잘 하지 않습니다.,3
1508,"다리가 아프다고 하시는데, 큰 부상은 아닌 것 같아요.",3
1509,최근 며칠 동안 기침이 계속되며 가벼운 열을 동반하고 있습니다.,3
1510,배가 아프고 설사를 하고 있습니다. 응급상황은 아니지만 병원에 가보는 것이 좋겠습니다.,3
1511,"몸살 기운을 느끼고 있으며 가벼운 두통도 호소하고 있습니다.,3
며칠째 속이 답답하고 소화불량을 느끼고 있습니다.""",3
1512,"팔꿈치에 작은 상처가 났고, 붓기도 조금 있습니다. ",3
1513,손톱이 부러졌다고 하여 아파합니다.,3
1514,며칠째 머리가 아프고 어지러움을 호소하고 있습니다.,3
1515,"발목을 살짝 삐었고, 통증이 계속되며 부기가 있습니다.",3
1516,발에 작은 상처가 나고 통증을 호소하고 있습니다.,3
1517,"열이 계속 나고 있으며, 몸살 기운도 보입니다.",3
1518,최근 손목에 통증을 느끼고 있습니다.,3
1519,"며칠째 가벼운 복통을 느끼고 있으며, 식사가 어렵다고 합니다.",3
1520,손에 작은 타박상이 생겼습니다. 붓기가 있고 약간 아파합니다.진료를 받는 것이 좋겠습니다.,3
1521,몸이 아프고 열도 나는 상태입니다. 진료를 받아보는 것이 좋겠습니다.,3
1522,가벼운 어지러움을 호소하고 있습니다.,3
1523,요즘 피로를 많이 느끼며 잠을 잘 못 자고 있습니다.응급상황은 아니지만 병원에 가보는 것이 좋겠습니다.,3
1524,"발목에 작은 염증이 생겼고, 살짝 붓고 아파합니다.",3
1525,몸살 기운을 느끼고 있으며 가벼운 열도 있습니다.,3
1526,"며칠째 목 통증을 호소하고 있으며, 가벼운 기침을 하고 있습니다.",3
1527,손목에 가벼운 통증을 느끼고 있습니다.,3
1528,발에 작은 상처가 나고 붓기도 있습니다.,3
1529,며칠째 배탈이 나고 설사를 하고 있습니다.,3
1530,"며칠째 기침을 하고 있으며, 약간의 가벼운 발열이 있습니다.",3
1531,"가벼운 두통을 호소하고 있으며, 몸살 기운도 있습니다.병원에 가보는 것이 좋겠습니다.",3
1532,손에 타박상이 생겼고 조금 아파하는 상태입니다,3
1533,"배가 아프다고 하며 식사도 잘 하지 않습니다.,3
경미한 불안이나 초조함을 느끼지만 비교적 안정되어 있는 상태""",4
1534,우울한 상태이지만 자살 생각은 없는 안정된 상태,4
1535,열(건강해보임) 상태로 1 SIRS 기준을 만족하는 사람입니다.,4
1536,가벼운 불안과 초조함을 느끼지만 전반적으로 안정된 상태입니다.,4
1537,열이 약간 나고 감염의 경미한 증상을 보이지만 건강해 보이는 상태,4
1538,경증의 불안을 느끼며 약간의 초조함을 보이나 안정된 상태입니다.,4
1539,갑작스러운 스트레스로 인해 불면을 겪고 있지만 비교적 안정된 상태,4
1540,건강해 보이지만 열이 나고 경미한 감염 증상이 의심되는 상태,4
1541,"가벼운 불안과 초조함을 보이는 사람이며, 대체로 안정된 상태입니다.",4
1542,경미한 불안감을 느끼고 있으나  안정적인 상태를 유지하고 있습니다.,4
1543,열이 나지만 전반적으로 건강하며 가벼운 감염의 징후를 보입니다.,4
1544,만성 질환을 가진  현재 평상시와 같은 상태를 유지하고 있습니다.,4
1545,"급성 중심성 경증 통증(<4)을 호소하는 사람이며, 통증이 경미한 상태입니다.",4
1546,스트레스로 인해 초조하지만 자해 위험이 없는 안정적인 상태,4
1547,약간의 감염 증상을 보이지만 열은 미미하고 안정적인 상태입니다.,4
1548,가벼운 두통을 호소하지만 통증 강도가 낮고 일상적인 활동이 가능한 상태,4
1549,"가벼운 통증을 느끼며, 통증으로 인해 약간의 불편함을 보입니다.",4
1550,열이 나지만 감염 증상이 경미하고 전반적으로 안정적인 상태입니다.,4
1551,학대의 징후를 보이지만 현재 안정적이고 추가적인 관찰이 필요한 상태,4
1552,경미한 불편함을 호소하지만 상태가 안정적인 상황입니다.,4
1553,"가벼운 통증을 동반한 만성 상태로, 현재 평소와 크게 다르지 않은 상태입니다.",4
1554,스트레스로 인해 약간의 불안감을 느끼지만 전반적으로 안정된 상태,4
1555, 경미한 두통을 느끼지만 의식은 명료하고 상태가 안정적입니다.,4
1556,"발에 작은 상처가 나고 붓고 아파합니다,4
가벼운 두통과 어지러움을 호소하고 있습니다.",4
1557,팔꿈치에 타박상을 입었고 붓고 아파합니다.,4
1558,"손목에 가벼운 타박상이 생겼고, 약간의 부기와 통증이 있습니다",4
1559,며칠째 허리에 불편함을 느끼고 있으며 통증이 계속됩니다.,4
1560,"넘어져서 무릎에 상처가 생겼고, 붓고 아파하는 상태입니다.",4
1561,미끄럼틀에서 넘어져서 손목에 타박상을 입었습니다.붓고 아프다고 하니,4
1562,"다리에 찰과상을 입었고, 통증과 붓기가 있습니다.",4
1563,"손목에 타박상을 입었고, 가벼운 통증과 붓기가 있습니다.",4
1564,최근 허리 통증을 호소하고 있습니다.,4
1565,가벼운 발목 부상을 입었고 붓고 아파합니다.,4
1566,목에 타박상을 입고 아프다고 하십니다.,4
1567,"며칠째 복통을 호소하고 있으며, 증상이 나아지지 않고 있습니다.",4
1568,"손목에 경미한 통증을 느끼고 있으며, 붓기도 살짝 있습니 ",4
1569,"무릎에 찰과상이 생겼고, 붓고 아파하고 있습니다.",4
1570,갑자기 가벼운 두통과 함께 기분이 안 좋다고 하십니다.,4
1571,어지럽고 몸이 떨리는 증상을 호소하고 있습니다.,4
1572,"최근 무릎에 통증을 느끼고 있으며, 운동 후 증상이 나아지지 않고 있습니다.",4
1573,발목에 작은 상처와 붓기가 있습니다,4
1574,가벼운 기침과 인후통을 느끼고 있습니다.,4
1575,손목에 작은 상처와 통증을 호소하고 있습니다.,4
1576,"팔꿈치에 타박상을 입었고, 붓고 아파하는 상태입니다.",4
1577,"팔꿈치를 다쳤고, 붓고 아파하는 상태입니다.",4
1578,다리에 찰과상을 입고 붓고 아파하고 있습니다.,4
1579,어제부터 가벼운 복통을 느끼고 있습니다.,4
1580,머리를 다쳐서 약간의 어지러움과 두통을 호소하고 있습니다.,4
1581,아이의 다리가 부딪혀 약간의 통증과 붓기가 생겼습니다.,4
1582,며칠째 피로를 호소하고 있습니다.,4
1583,목에 가벼운 통증을 느끼고 있습니다,4
1584,"손목을 다쳤고, 붓기와 약간의 통증이 있습니다.",4
1585,무릎에 상처가 나고 약간 붓고 아프다고 합니다.,4
1586,가벼운 두통을 호소하고 있습니다.,4
1587,며칠째 어지러움을 느끼고 있습니다.,4
1588,발목에 가벼운 부상을 입고 붓고 아프다고 합니다.,4
1589,손목에 가벼운 상처가 나고 붓고 아파합니다.,4
1590,며칠째 가벼운 어지러움과 피로감을 느끼고 있습니다.병원에 가는 것이 좋겠습니다.,4
1591,팔꿈치에 상처가 나고 붓고 아프다고 합니다.,4
1592,"손목에 타박상을 입었고, 통증과 붓기가 있습니다.",4
1593,다리가 조금 부풀어 오르고 아파합니다.,4
1594,어제부터 어지러움을 호소하고 있습니다.,4
1595,며칠째 허리 통증을 호소하고 있습니다.,4
1596,"손목을 다쳤고 붓고 아프다고 합니다.,4
발목에 상처와 약간의 붓기가 있습니다",4
1597,"팔꿈치에 가벼운 부상을 입었고, 약간의 통증과 붓기가 있습니다.",4
1598,다리에 작은 상처가 생겼고 붓고 아프다고 합니다.,4
1599,팔꿈치를 다쳤고 붓고 아프다고 합니다.,4
1600,손목에 작은 상처가 나고 약간 붓고 아파합니다.,4
1601,최근 피로와 가벼운 어지러움을 느끼고 있습니다,4
1602,발목에 가벼운 부상을 입고 아파하고 있습니다.,4
1603,다리를 삐었고 붓고 아파합니다.,4
1604,경미한 말초성 통증(<4)을 호소하지만 일상 활동에 지장이 없는 사람,5
1605,만성적인 경미한 통증을 느끼지만 특별한 치료가 필요하지 않은 상태,5
1606,상지의 경미한 찰과상을 호소하며 추가 처치가 필요하지 않은 사람,5
1607,하지의 경미한 찰과상으로 인해 약간의 불편함을 느끼는 상태,5
1608,급성 말초성 경미한 통증(<4)을 호소하며  안정적인 상태,5
1609,경미한 쏘임으로 인해 피부가 약간 부어오르고 불편함을 느끼는 사람,5
1610,경미한 물림 상처로 인해 약간의 불편함을 느끼는 상태,5
1611,화상 부위가 작고 경미한 통증을 호소하는 사람,5
1612,만성 말초성 통증(<8)으로 인해 약간의 불편함을 겪고 있는 사람,5
1613,피부에 가벼운 찰과상이나 상처가 있지만 봉합이 필요하지 않은 상태,5
1614,국소적인 발진으로 인해 약간의 가려움증을 느끼는 사람,5
1615,상지의 외상으로 인해 경미한 통증을 느끼고 있지만 안정적인 상태,5
1616,하지의 외상으로 경미한 불편함을 느끼고 있는 사람,5
1617,피부에 박힌 작은 이물질로 인해 약간의 불편함을 겪는 상태,5
1618,찰과상으로 인해 약간의 통증과 불편함을 호소하는 사람,5
1619,국소적인 부종이 있는 사람로 추가적인 평가가 필요한 상태,5
1620,봉합이 필요 없는 경미한 찰과상으로 안정적인 상태의 사람,5
1621,피부 발진으로 가려움과 불편함을 호소하지만 상태가 안정적인 사람,5
1622,경미한 동상으로 인해 피부가 약간 손상된 사람,5
1623,스테이플이나 봉합사 제거가 필요하며  가벼운 불편함을 호소하는 상태,5
1624,"팔꿈치에 작은 타박상이 생겼고, 약간 아프고 붓기도 있지만 걷는 데는 큰 문제가 없습니다.",5
1625,어제부터 가벼운 두통과 어지러움을 느끼고 있지만 지금은 나아진 상태입니다.,5
1626,"복통을 호소하고 있지만, 지금은 나아지고 있습니다. 식사는 잘 하시고 충분히 휴식을 취하세요.",5
1627,"손목에 약간의 멍과 통증이 있습니다. 걷는 데는 불편하지 않지만, 몇 일간 증상을 지켜보세요.",5
1628,"발목에 가벼운 부상을 입었고 붓기와 통증이 있지만, 크게 불편하지는 않다고 합니다.",5
1629,"어제 저녁에 식사 후 배가 아프고 구토 증상이 있었지만, 지금은 상태가 나아졌습니다.",5
1630,"무릎에 작은 찰과상과 멍이 생겼습니다. 걷는 데는 큰 문제가 없지만, 조금 불편하다고 합니다. 지켜보세요.",5
1631,허리가 조금 아프다고 하시지만 일상적인 움직임에는 문제가 없다고 합니다,5
1632,"어지럽고 약간의 두통을 호소하고 있습니다. 지금은 별다른 증상이 없지만,",5
1633,"팔꿈치에 작은 멍이 생겼습니다. 걷는 데 불편하지 않으나,",5
1634,"손목에 타박상을 입었고, 약간의 부기와 통증이 있습니다. 심해지면 병원에 가세요.",5
1635,"간헐적으로 복통을 느끼고 있지만, 지금은 증상이 나아졌습니다.",5
1636,"다리 근육에 가벼운 통증을 호소하고 있으며, 가벼운 운동 후 증상이 나아졌습니다.",5
1637,발목에 작은 상처와 멍이 생겼고 걷는 데는 큰 불편함이 없다고 합니다.,5
1638,"가벼운 두통과 피로감을 호소하고 있습니다. 휴식을 취하고,",5
1639,"최근에 가벼운 발목 염좌를 입었고, 약간 붓고 아프다고 합니다.",5
1640,"손목에 작은 부상과 멍이 생겼습니다. 걷는 데 불편함이 없으며,5
가벼운 어지러움을 느끼고 있지만 크게 불편함은 없다고 하십니다.""",5
1641,"어깨에 작은 상처를 입었고, 붓기와 통증이 있지만, 큰 문제는 아니라고 합니다.",5
1642,무릎에 찰과상과 멍이 생겼습니다. 증상이 나아지지 않으면 병원에 가세요.,5
1643,"손목에 작은 부상을 입었고, 붓고 아파한다고 합니다.",5
1644,"가벼운 두통과 어지러움을 호소하고 있지만,상태는 나아졌습니다.",5
1645,최근 배가 아프다고 하셨습니다. 상태가 나아졌지만,5
1646,발목에 멍과 통증이 있습니다. 걷는 데 불편하지 않으며,5
1647,"최근에 무릎을 조금 다쳤고, 붓기와 통증이 있지만 증상은 나아지고 있습니다",5
1648,손목에 약간의 붓기와 통증이 있습니다,5
1649,허리에 통증을 느끼고 있습니다. 활동에는 큰 지장이 없지만,5
1650,"어제부터 조금 불편한 상태지만, 증상이 나아지고 있습니다.",5
1651,발목에 가벼운 상처와 붓기가 있습니다. 상태가 나아지면 더 이상 문제는 없을 것입니다.,5
1652,약간의 복통과 어지러움을 느끼고 있습니다.,5
1653,발목을 약간 삐었고 붓고 아프다고 합니다.,5
1654,"손목에 작은 멍이 생겼고, 걷는 데 큰 불편함은 없지만, 지켜보는 것이 좋습니다.",5
1655,"요즘 가벼운 어지러움을 느끼고 있으며, 조금 피로감을 호소하고 있습니다",5
1656,"가벼운 두통을 호소하고 있으며, 증상이 나아지지 않으면 병원을 방문하는 것이 좋습니다.",5
1657,무릎에 가벼운 찰과상이 생겼습니다. 걷는 데 불편함이 없으며.,5
1658,"손목에 작은 타박상을 입었고, 붓고 아파하는 상태입니다.",5
1659,"최근에 어지러움을 느끼고 있지만, 큰 문제가 없다고 하십니다.",5
1660,며칠째 복통을 느끼고 있습니다. 상태가 나아지면 더 이상 문제가 없을 것이에요.,5
1661,"팔꿈치에 타박상이 생겼고, 조금 붓고 아파하지만, 걷는 데 큰 문제가 없어요",5
1662,손목에 가벼운 부상을 입고 붓고 아프다고 합니다.,5
1663,며칠째 가벼운 두통과 피로감을 느끼고 있습니다.,5
1664,머리가 약간 아프다고 하십니다.,5
1665,발목에 약간의 붓기와 멍이 있습니다. 걷는 데 불편함은 없으며,5
1666,"다리를 약간 삐었고, 붓고 아프다고 합니다.",5
1667,복통을 느끼고 있지만 상태는 나아지고 있습니다.,5
1668,손목에 통증을 느끼고 있습니다.,5
1669,무릎에 가벼운 상처와 붓기가 있습니다.,5
1670,"머리를 약간 부딪혔고, 약간 어지러움을 느끼고 있습니다.",5
1671,"어깨에 통증을 느끼고 있으며, 상태가 나아지면 더 이상 문제가 없을 것같아요.",5
1672,복부에 약간의 불편함을 느끼고 있습니다.,5
1673, 심한 흉통과 식은땀을 동반하며 급성 심근경색이 의심되는 상태,1
1674, 심한 호흡곤란으로 산소포화도가 급격히 낮아진 상태,1
1675, 의식을 잃고 경련 후에도 반응하지 않는 상태,1
1676, 대량 출혈로 인해 피부가 창백하고 맥박이 잡히지 않는 상태,1
1677, 심정지 상태로 심폐소생술이 필요한 상태,1
1678, 급성 천식 발작으로 숨을 쉴 수 없는 상태,1
1679, 중증 두부 외상으로 의식이 없고 동공 반응이 없는 상태,1
1680, 뇌졸중 증상으로 언어 장애와 반신마비를 보이며 의식이 흐려진 상태,1
1681, 심각한 쇼크로 혈압이 80/50 이하로 떨어진 상태,1
1682, 급성 폐색전증으로 심한 흉통과 호흡곤란을 겪는 상태,1
1683, 독극물 섭취로 심한 혼수 상태에 빠진 상태,1
1684, 대량 화상을 입고 쇼크로 의식을 잃은 상태,1
1685, 심각한 저체온증으로 심박수가 불규칙한 상태,1
1686, 다발성 골절로 인한 출혈성 쇼크 상태,1
1687, 심각한 알레르기 반응으로 기도가 부어 숨을 쉬기 어려운 상태,1
1688, 심부전으로 급성 폐부종을 겪고 있는 상태,1
1689, 급성 간부전으로 혼수 상태에 빠진 상태,1
1690, 심각한 패혈증으로 혈압이 지속적으로 떨어지는 상태,1
1691, 심각한 뇌출혈로 인해 반응하지 않는 상태,1
1692, 경추 손상으로 호흡이 정지된 상태,1
1693, 낙상으로 인한 척추 손상과 사지 마비를 보이는 상태,1
1694, 심각한 복부 출혈로 혼수 상태에 빠진 상태,1
1695, 급성 대동맥 박리로 심한 흉통과 쇼크를 동반한 상태,1
1696, 경련을 일으키며 의식을 잃은 상태,1
1697, 심한 열사병으로 체온이 40°C 이상이며 의식을 잃은 상태,1
1698, 독사에 물려 심한 쇼크를 보이는 상태,1
1699, 중증 폐색전증으로 인해 의식이 저하되는 상태,1
1700, 심한 탈수로 인해 혈압이 급격히 하락한 상태,1
1701, 급성 심부전으로 의식 저하와 호흡곤란을 겪는 상태,1
1702, 중증 알레르기 반응으로 혈압이 급격히 떨어지는 상태,1
1703, 뇌 손상으로 인해 반응하지 않고 의식이 없는 상태,1
1704, 독성 물질 흡입으로 인해 쇼크 상태에 빠진 상태,1
1705, 급성 기흉으로 호흡이 어려운 상태,1
1706, 익수 사고로 심한 저산소증 상태,1
1707, 출산 중 다량 출혈로 쇼크 상태에 빠진 상태,1
1708, 극심한 알레르기 반응으로 산소포화도가 급격히 떨어진 상태,1
1709, 중증 화학 화상으로 의식을 잃은 상태,1
1710, 급성 폐부종으로 호흡이 정지된 상태,1
1711, 심한 전해질 이상으로 의식 저하를 보이는 상태,1
1712, 심각한 부정맥으로 맥박이 급격히 불규칙해진 상태,1
1713, 심한 감전 사고로 심정지 상태,1
1714, 심각한 쇼크로 인해 체온이 급격히 낮아진 상태,1
1715, 중증 뇌졸중으로 의식이 저하된 상태,1
1716, 중증 감염으로 체온이 40°C 이상으로 상승한 상태,1
1717, 급성 간경화로 혼수 상태에 빠진 상태,1
1718, 극심한 저혈당으로 혼수 상태에 빠진 상태,1
1719, 대량 출혈로 의식을 잃은 상태,1
1720, 심각한 부정맥으로 혈압이 급격히 낮아진 상태,1
1721, 중증 천식 발작으로 숨이 멎은 상태,1
1722, 급성 뇌출혈로 의식을 잃은 상태,1
1723, 심각한 감염으로 체온이 급격히 상승한 상태,1
1724, 급성 폐색전증으로 산소포화도가 급격히 떨어진 상태,1
1725, 급성 심부전으로 의식이 없는 상태,1
1726, 심각한 간부전으로 혼수 상태,1
1727, 대량 출혈로 쇼크 상태,1
1728, 중증 부정맥으로 심정지 상태,1
1729, 심각한 패혈증으로 쇼크 상태,1
1730, 중증 천식으로 산소포화도가 85% 이하,1
1731, 급성 폐부종으로 의식이 없는 상태,1
1732, 독극물 복용 후 반응이 없는 상태,1
1733, 중증 감염으로 혼수 상태,1
1734, 심각한 감염으로 의식을 잃은 상태,1
1735, 급성 심근경색으로 심정지 상태,1
1736, 심각한 패혈증으로 혈압이 지속적으로 낮은 상태,1
1737, 중증 혈액 감염으로 의식이 없는 상태,1
1738, 심각한 쇼크로 의식이 흐려진 상태,1
1739, 급성 대동맥 박리로 쇼크 상태,1
1740, 심각한 부정맥으로 맥박이 불규칙,1
1741, 급성 간경화로 혼수 상태,1
1742, 중증 두부 외상으로 반응이 없는 상태,1
1743, 급성 신부전으로 의식을 잃은 상태,1
1744, 급성 심장마비로 심폐소생술 필요,1
1745, 중증 뇌출혈로 반응 없음,1
1746, 중증 패혈증으로 혼수 상태,1
1747, 급성 심근경색으로 흉통과 의식 소실,1
1748, 중증 폐부종으로 호흡 정지,1
1749, 급성 간부전으로 혼수 상태,1
1750, 심한 저체온증으로 혈압이 낮아지고 혼미한 상태,1
1751, 고열(39°C 이상)을 동반하고 빠른 호흡과 혼란 상태를 보이는 상태,2
1752, 의식이 흐려지며 주변의 질문에 대답하지 못하는 상태,2
1753, 심한 불안과 초조함으로 자해 위험이 있는 상태,2
1754, 최근 발작 후 극심한 혼란과 초조를 보이는 상태,2
1755, 고열로 인해 탈수를 겪으며 혼미한 상태,2
1756, 패혈증이 의심되며 맥박이 빠르고 의식이 혼란스러운 상태,2
1757, 극심한 공포로 인해 도주하려는 시도를 보이는 상태,2
1758, 패혈증 증상으로 고열과 혼란을 겪고 있는 상태,2
1759, 패혈증 가능성으로 빠른 맥박과 낮은 혈압을 보이는 상태,2
1760, 숨을 가쁘게 쉬며 중등도의 호흡곤란을 보이는 상태,2
1761, 불안감으로 인해 자신과 타인에게 위협적인 행동을 보이는 상태,2
1762, 패혈증이 의심되며 고열과 빠른 호흡을 보이는 상태,2
1763, 극심한 불안을 호소하며 안전이 위협받는 상태,2
1764, 도주하려는 시도로 인해 의료진과 충돌하는 상태,2
1765, 패혈증 의심으로 인해 지속적으로 의식이 저하되는 상태,2
1766, 심한 두통과 발열로 인해 혼란을 겪는 상태,2
1767, 패혈증 가능성으로 고열과 체온의 급격한 상승을 보이는 상태,2
1768, 발작 후 약간의 호흡곤란과 불안을 보이는 상태,2
1769, 숨을 가쁘게 쉬며 심박수가 120 이상인 상태,2
1770, 패혈증으로 인해 고열과 혈압 저하를 보이는 상태,2
1771, 패혈증 증상으로 고열과 빠른 맥박을 동반한 상태,2
1772, 극심한 불안을 느끼며 안절부절 못하는 상태,2
1773, 최근 발작 후 혼미한 상태를 유지하는 상태,2
1774, 패혈증 증상으로 인해 고열과 혼란 상태를 보이는 상태,2
1775, 심한 두통과 고열로 인해 판단력이 흐려진 상태,2
1776, 고열과 함께 의식이 흐려지고 있는 상태,2
1777, 심한 불안을 느끼며 반복적으로 불규칙한 행동을 보이는 상태,2
1778, 심각한 탈수를 동반하며 중등도의 의식 혼미 상태,2
1779, 숨을 가쁘게 쉬며 중등도의 호흡곤란을 호소하는 상태,2
1780, 급격히 불안을 느끼며 의료진의 지시에 불응하는 상태,2
1781, 최근 발작 이후 빠른 심박수를 보이는 상태,2
1782, 심한 탈수로 인해 의식이 흐려지는 상태,2
1783, 심각한 불안을 호소하며 도주하려는 시도를 보이는 상태,2
1784, 패혈증 의심으로 인해 고열과 혼란 상태를 보이는 상태,2
1785, 도주 가능성으로 인해 병원의 질서가 위협받는 상태,2
1786, 숨을 가쁘게 쉬며 호흡수가 분당 30회 이상인 상태,2
1787, 빠른 맥박과 함께 두통을 호소하는 상태,2
1788, 발작 이후 정신적 혼란 상태를 보이는 상태,2
1789, 극심한 불안을 느끼며 주위의 경계가 심한 상태,2
1790, 고열로 인해 판단력이 흐려진 상태,2
1791, 숨을 가쁘게 쉬며 산소포화도가 90% 이하인 상태,2
1792, 의식이 흐릿해지고 패혈증이 의심되는 상태,2
1793, 심한 불안감과 초조를 보이며 주위와의 상호작용이 어려운 상태,2
1794, 의식 혼미와 함께 열이 나는 상태,2
1795, 발작 이후 심한 불안감을 호소하며 안정되지 않은 상태,2
1796, 의식 혼미와 함께 호흡이 약간 빠른 상태,2
1797, 의식 저하와 함께 중등도의 탈수를 보이는 상태,2
1798, 극심한 불안을 느끼며 반복적으로 주위를 경계하는 상태,2
1799, 도주 시도로 인해 의료진의 지시에 불응하는 상태,2
1800, 숨을 가쁘게 쉬며 빠른 심박수를 보이는 상태,2
1801, 발작 후 약간의 혼란을 보이며 안정되지 않은 상태,2
1802, 의식이 흐릿해지고 질문에 대답하지 못하는 상태,2
1803, 패혈증 가능성으로 빠른 호흡과 고열을 동반한 상태,2
1804, 심한 불안을 느끼며 도주하려는 시도를 보이는 상태,2
1805, 숨을 가쁘게 쉬며 중등도의 산소포화도 감소를 보이는 상태,2
1806, 패혈증 의심으로 인해 의식이 저하되는 상태,2
1807, 최근 발작 이후 의식이 혼미한 상태,2
1808, 도주 시도로 인해 병원 내 안전을 위협하는 상태,2
1809, 심한 탈수로 인해 의식이 흐려지고 있는 상태,2
1810, 고열로 인해 판단력이 저하된 상태,2
1811, 고열과 함께 의식이 저하된 상태,2
1812, 패혈증이 의심되며 고열과 빠른 맥박을 보이는 상태,2
1813, 숨을 가쁘게 쉬며 빠른 호흡수를 보이는 상태,2
1814, 심한 불안을 느끼며 반복적으로 의사소통이 어려운 상태,2
1815, 패혈증 가능성으로 고열과 혼란을 보이는 상태,2
1816, 발작 이후 혼란 상태로 안정되지 않은 상태,2
1817, 심한 탈수와 함께 의식이 흐려지는 상태,2
1818, 심각한 불안을 느끼며 도주하려는 시도를 보이는 상태,2
1819, 도주 가능성으로 인해 의료진의 안전이 위협받는 상태,2
1820, 패혈증이 의심되며 고열과 빠른 맥박을 동반한 상태,2
1821, 극심한 불안을 느끼며 반복적으로 불규칙한 행동을 보이는 상태,2
1822, 패혈증 가능성으로 빠른 호흡과 고열을 보이는 상태,2
1823, 패혈증이 의심되며 빠른 맥박과 낮은 혈압을 보이는 상태,2
1824, 도주 가능성이 높아 주변 사람들과 의료진의 안전이 위협받는 상태,2
1825, 고열로 인해 판단력이 저하되고 탈수 증상을 보이는 상태,2
1826, 발작 이후 약간의 혼란을 보이며 안정되지 않은 상태,2
1827, 심각한 탈수를 동반하며 혼미한 상태,2
1828, 심한 불안을 느끼며 주위를 경계하는 상태,2
1829, 경증의 호흡곤란으로 약간 숨을 가쁘게 쉬는 상태,3
1830, 중등도의 두통과 함께 불편감을 호소하는 상태,3
1831, 발열(38°C)과 약간의 탈수를 보이는 상태,3
1832, 손목의 염좌로 인한 통증(4-7)을 호소하는 상태,3
1833, 가벼운 복통으로 인해 불편함을 호소하는 상태,3
1834, 경미한 알레르기 반응으로 가려움증을 호소하는 상태,3
1835, 허리 통증(4-7)으로 움직임에 불편함을 느끼는 상태,3
1836, 경미한 탈수로 인해 갈증을 느끼는 상태,3
1837, 경미한 피부 발진과 가려움증을 보이는 상태,3
1838, 손가락의 염좌로 인한 약간의 통증을 호소하는 상태,3
1839, 경미한 두통과 함께 약간의 불편함을 호소하는 상태,3
1840, 복부 팽만감과 함께 불편함을 느끼는 상태,3
1841, 발열(38°C)과 가벼운 두통을 호소하는 상태,3
1842, 엉덩이 타박상으로 인해 통증을 호소하는 상태,3
1843, 발목 염좌로 인해 약간의 부종과 통증을 호소하는 상태,3
1844, 손바닥에 발생한 화학적 자극으로 불편함을 느끼는 상태,3
1845, 무릎 통증(4-7)으로 움직임에 어려움을 겪는 상태,3
1846, 복부 통증(4-7)으로 인해 불편함을 호소하는 상태,3
1847, 경미한 호흡곤란으로 약간 숨이 차는 상태,3
1848, 약한 복통과 가벼운 메스꺼움을 호소하는 상태,3
1849, 손등에 가벼운 화상을 입고 불편함을 호소하는 상태,3
1850, 경미한 어지러움증으로 잠시 안정이 필요한 상태,3
1851, 손목 염좌로 인해 움직임에 약간의 어려움을 겪는 상태,3
1852, 복부 팽만감과 메스꺼움을 동반한 상태,3
1853, 손목 타박상으로 인한 불편함을 호소하는 상태,3
1854, 무릎 염좌로 약간의 부종과 통증을 느끼는 상태,3
1855, 발열(38°C)과 경미한 오한을 동반한 상태,3
1856, 경미한 피부 발진과 함께 가려움을 느끼는 상태,3
1857, 손가락 염좌로 인해 약간의 통증을 호소하는 상태,3
1858, 발열(38°C)과 함께 경미한 메스꺼움을 느끼는 상태,3
1859, 가벼운 복부 경련을 동반한 상태,3
1860, 발목 염좌로 인해 약간의 부종을 호소하는 상태,3
1861, 허리 통증으로 약간의 불편함을 호소하는 상태,3
1862, 경미한 두통과 함께 졸림을 호소하는 상태,3
1863, 경미한 어지러움증과 발열을 동반한 상태,3
1864, 약한 복통으로 인해 식사를 어려워하는 상태,3
1865, 발목 염좌로 인해 약간의 움직임 제한을 겪는 상태,3
1866, 복부 팽만감과 함께 약간의 메스꺼움을 호소하는 상태,3
1867, 경미한 호흡곤란으로 숨을 가쁘게 쉬는 상태,3
1868, 손바닥에 경미한 화학적 자극을 느끼는 상태,3
1869, 발목 염좌로 약간의 통증과 부종을 호소하는 상태,3
1870, 손목 통증(4-7)으로 인해 약간의 불편함을 호소하는 상태,3
1871, 발열(38°C)과 경미한 두통을 동반한 상태,3
1872, 손바닥에 경미한 화상을 입고 불편함을 호소하는 상태,3
1873, 발열(38°C)과 경미한 오한을 느끼는 상태,3
1874, 약한 복통과 함께 가벼운 메스꺼움을 호소하는 상태,3
1875, 발목 염좌로 약간의 움직임 제한을 호소하는 상태,3
1876, 허리 통증(4-7)으로 인해 약간의 불편함을 호소하는 상태,3
1877, 손등에 경미한 화학적 자극으로 인해 불편함을 느끼는 상태,3
1878, 복부 통증(4-7)과 함께 약간의 경련을 호소하는 상태,3
1879, 무릎 염좌로 인해 약간의 부종을 동반한 상태,3
1880, 발목 염좌로 약간의 통증을 호소하는 상태,3
1881, 허리 통증(4-7)으로 인해 움직임에 불편함을 느끼는 상태,3
1882, 약한 복통으로 인해 가벼운 메스꺼움을 동반한 상태,3
1883, 손바닥에 경미한 화상을 입고 약간의 통증을 호소하는 상태,3
1884, 경미한 두통과 함께 약간의 졸림을 호소하는 상태,3
1885, 약한 복부 경련을 동반한 상태,3
1886, 복부 팽만감과 함께 약간의 불편함을 느끼는 상태,3
1887, 발목 염좌로 약간의 부종을 동반한 상태,3
1888, 손바닥에 발생한 경미한 화학적 자극으로 불편함을 호소하는 상태,3
1889, 발열(38°C)과 함께 경미한 오한을 느끼는 상태,3
1890, 경미한 어지러움증으로 인해 안정이 필요한 상태,3
1891, 발목 염좌로 약간의 통증과 움직임 제한을 겪는 상태,3
1892, 경미한 두통과 함께 약간의 메스꺼움을 느끼는 상태,3
1893, 발열(38°C)과 약간의 두통을 동반한 상태,3
1894, 손목 타박상으로 인해 약간의 불편함을 느끼는 상태,3
1895, 경미한 어지러움증과 함께 가벼운 불편함을 느끼는 상태,3
1896, 약한 복부 통증과 가벼운 메스꺼움을 호소하는 상태,3
1897, 허리 통증(4-7)으로 인해 약간의 움직임 제한을 겪는 상태,3
1898, 손바닥에 경미한 화상을 입고 약간의 불편함을 느끼는 상태,3
1899, 손목 염좌로 약간의 통증을 호소하는 상태,3
1900, 경미한 어지러움증으로 안정이 필요한 상태,3
1901, 발열(38°C)과 약간의 오한을 동반한 상태,3
1902, 경미한 두통과 함께 약간의 불편함을 느끼는 상태,3
1903, 복부 팽만감과 가벼운 메스꺼움을 동반한 상태,3
1904, 발목 염좌로 인해 약간의 통증을 호소하는 상태,3
1905, 손바닥에 경미한 화상을 입고 불편함을 느끼는 상태,3
1906, 약한 복부 통증과 함께 가벼운 불편함을 호소하는 상태,3
1907, 발열(38°C)과 약간의 메스꺼움을 동반한 상태,3
1908, 손목 통증(4-7)으로 인해 약간의 불편함을 느끼는 상태,3
1909, 경미한 발열(37.8°C)과 약간의 근육통을 동반한 상태,3
1910, 가벼운 복부 팽만감으로 인해 식사를 하는 데 약간의 불편함을 느끼는 상태,3
1911, 경미한 불안감으로 약간의 초조함을 느끼는 상태,4
1912, 가벼운 근육통으로 움직임에 약간의 불편함을 느끼는 상태,4
1913, 열감이 있으나 전반적으로 건강해 보이는 상태,4
1914, 가벼운 인후통으로 음식을 삼키는 데 약간의 불편함을 느끼는 상태,4
1915, 코막힘과 가벼운 두통을 호소하는 상태,4
1916, 가벼운 발진과 약간의 가려움을 호소하는 상태,4
1917, 비염 증상으로 인해 코가 막히고 불편함을 느끼는 상태,4
1918, 눈 충혈과 약간의 이물감을 호소하는 상태,4
1919, 목이 간지럽고 가벼운 기침을 동반하는 상태,4
1920, 가벼운 손목 통증으로 물건을 드는 데 약간의 불편함을 느끼는 상태,4
1921, 발등에 경미한 타박상으로 약간의 통증을 느끼는 상태,5
1922, 가벼운 찰과상으로 인해 약간의 따끔거림을 느끼는 상태,5
1923, 손바닥에 경미한 화상을 입고 약간의 불편함을 느끼는 상태,5
1924, 팔꿈치에 경미한 타박상을 입고 약간의 불편함을 호소하는 상태,5
1925, 발바닥에 생긴 물집으로 인해 걸음걸이에 약간의 불편함을 느끼는 상태,5
1926, 손가락에 경미한 베임 상처로 인해 약간의 통증을 느끼는 상태,5
1927, 경미한 물림으로 인해 가려움증을 호소하는 상태,5
1928, 발목에 경미한 타박상으로 약간의 부종을 느끼는 상태,5
1929, 손등에 가벼운 찰과상으로 약간의 불편함을 호소하는 상태,5
1930, 가벼운 팔꿈치 타박상으로 물건을 들기에 약간 불편한 상태,5
1931,심장마비로 인해 의식을 잃고 가슴 통증을 호소하는 사람,1
1932,급성 폐색전증으로 호흡이 급격히 어려워지는 상태,1
1933,심한 알레르기 반응으로 아나필락시스로 진행되는 사람,1
1934,급성 뇌졸중 증상으로 편측 마비와 언어 장애가 나타나는 상태,1
1935,심각한 외상으로 인해 출혈이 멈추지 않는 사람,1
1936,의식이 혼미해지고 발작을 일으키는 상태,1
1937,호흡 정지로 인해 즉각적인 인공호흡이 필요한 사람,1
1938,심한 화상으로 광범위한 조직 손상이 발생한 상태,1
1939,급성 신부전으로 인해 체내 독소가 축적되는 사람,1
1940,심한 복통과 복부 팽만을 호소하는 급성 복막염 사람,1
1941,급성 췌장염으로 인한 극심한 복통과 소화 장애,1
1942,대량 출혈로 인한 쇼크 상태의 사람,1
1943,심한 저혈당으로 의식을 잃은 당뇨병 사람,1
1944,급성 간부전으로 의식 저하와 황달이 나타나는 상태,1
1945,중증 열사병으로 의식을 잃고 체온이 급격히 상승한 사람,1
1946,중증 열악한 상태로 인한 다발성 장기 부전,1
1947,급성 기흉으로 호흡이 급격히 어려워지는 사람,1
1948,중증 천식 발작으로 호흡이 거의 불가능한 상태,1
1949,심한 전신 감염으로 패혈성 쇼크에 빠진 사람,1
1950,급성 요로 폐쇄로 인해 신장이 손상된 상태,1
1951,심한 외상성 뇌손상으로 의식을 잃은 사람,1
1952,급성 췌장출혈로 인해 출혈이 지속되는 상태,1
1953,심한 신경학적 손상으로 운동 기능을 상실한 사람,1
1954,급성 심인성 쇼크로 혈압이 급격히 떨어진 상태,1
1955,심한 다발성 골절로 인해 움직일 수 없는 사람,1
1956,급성 위궤양 출혈로 인해 출혈이 멈추지 않는 상태,1
1957,중증 간경변으로 인해 복수가 축적된 사람,1
1958,급성 맹장염으로 인한 복통과 발열을 호소하는 사람,1
1959,심한 탈수로 전해질 불균형이 발생한 상태,1
1960,급성 신경손상으로 감각이 상실된 사람,1
1961,심한 골수억제로 인해 감염 위험이 높은 상태,1
1962,급성 폐렴으로 호흡이 어려워진 사람,1
1963,심한 간염으로 간 기능이 급격히 저하된 상태,1
1964,급성 신경증으로 인해 의식을 잃은 사람,1
1965,심한 위장관 출혈로 인해 혈압이 떨어진 상태,1
1966,급성 신장결석으로 극심한 통증을 호소하는 사람,1
1967,중증 심부전으로 호흡부전이 발생한 상태,1
1968,급성 폐부종으로 호흡이 매우 어려워진 사람,1
1969,심한 뇌부종으로 인해 뇌압이 상승한 상태,1
1970,급성 혈액응고장애로 출혈이 멈추지 않는 사람,1
1971,중증 다발성 외상으로 다기관 부전을 겪는 상태,1
1972,급성 맥락부전으로 혈류 공급이 중단된 사람,1
1973,심한 패혈증으로 다기관 부전을 겪는 상태,1
1974,급성 폐렴으로 산소 공급이 필요한 사람,1
1975,심각한 알코올 중독으로 의식을 잃은 상태,1
1976,급성 중이염으로 인한 심한 통증을 호소하는 사람,1
1977,중증 천식 발작으로 인공호흡기가 필요한 상태,1
1978,급성 뇌출혈로 인해 의식을 잃은 사람,1
1979,심한 고혈압 위기로 뇌출혈 위험이 있는 상태,1
1980,급성 간부전으로 의식 저하와 황달이 나타나는 사람,1
1981,심한 천식 발작으로 산소 공급이 절실한 상태,1
1982,급성 심근경색으로 가슴 통증과 의식 저하가 있는 사람,1
1983,중증 쇼크 상태로 혈압이 매우 낮은 상태,1
1984,급성 폐렴으로 호흡 부전이 발생한 사람,1
1985,심한 패혈증으로 의식이 혼미해진 상태,1
1986,급성 간경화로 인해 출혈 위험이 높은 사람,1
1987,중증 신부전으로 인공신장이 필요한 상태,1
1988,급성 신경손상으로 의식을 잃은 사람,1
1989,심한 탈수로 인해 쇼크 상태에 빠진 사람,1
1990,급성 폐부종으로 호흡이 거의 불가능한 상태,1
1991,심한 복부 외상으로 내출혈이 발생한 사람,1
1992,급성 맹장염으로 복막염 위험이 있는 상태,1
1993,중증 알레르기 반응으로 아나필락시스 위험이 있는 사람,1
1994,급성 신경증으로 의식을 잃은 상태,1
1995, 도주할 가능성이 높아 자신이나 타인의 안전을 위협하는 상황,2
1996, 고열과 빠른 호흡을 보이며 혼란스러워하는 패혈증 의심 상태,2
1997,최근 발작을 겪은  발작 후 초조하고 불안해하는 상태,2
1998,열이 나고 면역력이 저하되어 감염 위험이 높은 상태,2
1999,반복적인 학대 위험이 있는  도주할 가능성이 있는 상태,2
2000, 극심한 불안으로 인해 심장 박동이 빠르게 뛰는 상태,2
2001, 혼란스러워하며 주변 사람들에게 공격적으로 행동하는 상태,2
2002, 심한 두통과 혼란을 겪으며 방향 감각을 잃은 상태,2
2003, 고열로 인해 발작을 일으킬 위험이 있는 상태,2
2004, 심한 통증으로 인해 공격적인 행동을 보일 수 있는 상태,2
2005, 약물 과다복용으로 의식이 흐려져 도주할 위험이 있는 상태,2
2006, 극심한 스트레스로 인해 심리적으로 불안정한 상태,2
2007, 자해를 시도할 위험이 있는 상태,2
2008, 약물 중독으로 인해 행동 통제가 어려운 상태,2
2009, 고열과 탈수로 인해 의식을 잃을 위험이 있는 상태,2
2010, 심한 우울증으로 인해 자살을 시도할 위험이 있는 상태,2
2011, 정신적 스트레스로 인해 발작을 일으킬 위험이 있는 상태,2
2012, 극심한 피로와 스트레스로 인해 도주할 위험이 있는 상태,2
2013, 심한 불안으로 인해 심장 마비를 일으킬 위험이 있는 상태,2
2014, 감염으로 인해 의식을 잃을 위험이 있는 상태,2
2015, 심한 두통과 메스꺼움으로 인해 행동 통제가 어려운 상태,2
2016, 극심한 스트레스로 인해 발작을 일으킬 위험이 있는 상태,2
2017, 약물 금단 증상으로 인해 공격적인 행동을 보일 수 있는 상태,2
2018, 심한 불안으로 인해 호흡 곤란을 겪는 상태,2
2019, 고열로 인해 혼수 상태에 빠질 위험이 있는 상태,2
2020, 심한 스트레스로 인해 심장 박동이 불규칙해진 상태,2
2021, 감염으로 인해 패혈성 쇼크에 빠질 위험이 있는 상태,2
2022, 심한 불안으로 인해 심한 두통을 겪는 상태,2
2023, 급성 스트레스로 인해 혈압이 급격히 상승한 상태,2
2024, 심한 발작 후 혼란스러운 상태에서 도주할 위험이 있는 상태,2
2025, 심한 스트레스로 인해 의식을 잃을 위험이 있는 상태,2
2026, 패혈증으로 인해 다기관 부전의 위험이 있는 상태,2
2027, 심한 불안과 스트레스로 인해 호흡이 불규칙한 상태,2
2028, 약물 부작용으로 인해 의식을 잃을 위험이 있는 상태,2
2029, 심한 고열과 탈수로 인해 쇼크 상태에 빠질 위험이 있는 상태,2
2030, 고열로 인해 패혈성 쇼크에 빠질 위험이 있는 상태,2
2031, 극심한 스트레스로 인해 심장 박동이 급격히 증가한 상태,2
2032, 심한 혼란으로 인해 자신이나 타인을 해칠 위험이 있는 상태,2
2033, 패혈증으로 인해 신장 기능이 급격히 저하된 상태,2
2034, 심한 불안과 초조함으로 인해 심한 두통을 겪는 상태,2
2035, 고열로 인해 신경 기능이 저하된 상태,2
2036, 패혈증으로 인해 호흡 부전을 겪는 상태,2
2037, 극심한 불안으로 인해 심한 근육 경련을 일으키는 상태,2
2038, 심한 스트레스로 인해 혈압이 급격히 상승한 상태,2
2039, 패혈성 쇼크로 인해 다기관 부전에 빠진 상태,2
2040, 고열과 탈수로 인해 의식을 잃은 상태,2
2041, 심한 불안으로 인해 공격적인 행동을 보이는 상태,2
2042, 패혈증으로 인해 신경 혼란 상태에 있는 상태,2
2043, 심한 스트레스로 인해 심장 부정맥을 겪는 상태,2
2044, 고열로 인해 패혈성 쇼크에 빠진 상태,2
2045, 심한 불안으로 인해 호흡이 매우 불규칙한 상태,2
2046, 패혈증으로 인해 다기관 부전을 겪는 상태,2
2047, 심한 스트레스로 인해 심장 마비를 일으킬 위험이 있는 상태,2
2048, 고열과 탈수로 인해 심한 쇼크 상태에 빠진 상태,2
2049, 패혈성 쇼크로 인해 의식을 잃은 상태,2
2050, 심한 불안과 초조함으로 인해 호흡이 매우 불규칙한 상태,2
2051, 패혈증으로 인해 심각한 신경 혼란 상태에 있는 상태,2
2052, 고열과 탈수로 인해 신경 기능이 저하된 상태,2
2053, 패혈성 쇼크로 인해 심각한 혈압 저하 상태에 있는 상태,2
2054, 패혈증으로 인해 호흡이 급격히 어려워진 상태,2
2055, 심한 불안으로 인해 심장 박동이 급격히 증가한 상태,2
2056, 고열과 탈수로 인해 쇼크 상태에 빠질 위험이 있는 상태,2
2057,급성 중심성 중등도 통증(4-7)을 호소하는 사람는 통증으로 인해 움직임이 제한되어 있습니다.,3
2058,경증 호흡곤란을 느끼는 사람는 대화 중에도 숨이 조금 가쁜 상태입니다.,3
2059,중등도의 두통을 겪고 있는 사람는 빛에 민감해하고 있습니다.,3
2060,배탈로 인한 중등도의 복통을 호소하는 사람는 화장실을 자주 가야 하는 상태입니다.,3
2061,피부 발진과 가려움증으로 인해 불편함을 느끼는 사람는 피부가 붉어져 있습니다.,3
2062,발목을 삐어서 중등도의 통증을 느끼는 사람는 걸을 때 통증을 호소합니다.,3
2063,경증 탈수를 겪고 있는 사람는 입이 마르고 피로감을 느끼고 있습니다.,3
2064,중등도의 귀 통증을 호소하는 사람는 청력에 약간의 문제가 있습니다.,3
2065,중등도의 치통으로 인해 식사를 하기 어려워하는 사람입니다.,3
2066,눈에 이물감이 있어 불편함을 느끼는 사람는 눈을 자주 깜박입니다.,3
2067,경미한 어지러움을 느끼는 사람는 일어서면 약간의 균형을 잃습니다.,3
2068,중등도의 구토와 메스꺼움을 호소하는 사람는 식사를 하지 못하고 있습니다.,3
2069,요로 감염으로 인한 중등도의 통증을 겪는 사람는 소변 시 불편함을 느낍니다.,3
2070,경증의 발열과 기침을 보이는 사람는 호흡은 안정적입니다.,3
2071,경증의 복부 팽만을 느끼는 사람는 소화 불량을 호소하고 있습니다.,3
2072,중등도의 손가락 화상을 입은 사람는 통증과 붓기를 겪고 있습니다.,3
2073,발목 염좌로 인해 중등도의 통증을 호소하는 사람는 부종이 있습니다.,3
2074,중등도의 코피를 흘리는 사람는 압박으로 지혈이 가능한 상태입니다.,3
2075,경증의 흉통을 느끼는 사람는 심박수는 정상입니다.,3
2076,벌에 쏘여 중등도의 통증과 붓기를 겪는 사람는 호흡은 안정적입니다.,3
2077,알레르기 반응으로 인해 중등도의 두드러기가 있는 사람입니다.,3
2078,경증의 손목 통증을 호소하는 사람는 움직임이 약간 제한됩니다.,3
2079,중등도의 허리 통증을 겪는 사람는 앉아 있기가 어렵습니다.,3
2080,위장 장애로 인한 중등도의 복통을 호소하는 사람입니다.,3
2081,중등도의 어깨 통증을 느끼는 사람는 팔을 올리기 어렵습니다.,3
2082,경증의 피부 발진을 보이는 사람는 가려움을 느끼고 있습니다.,3
2083,중등도의 발열과 오한을 겪는 사람는 휴식을 필요로 합니다.,3
2084,경증의 기침과 가래를 보이는 사람는 호흡은 안정적입니다.,3
2085,중등도의 목 통증을 호소하는 사람는 고개를 돌리기 어렵습니다.,3
2086,경증의 코막힘과 재채기를 보이는 사람는 알레르기 증상을 겪고 있습니다.,3
2087,경증의 귀울림을 호소하는 사람는 청력이 약간 떨어졌습니다.,3
2088,중등도의 무릎 통증을 겪는 사람는 계단 오르기가 어렵습니다.,3
2089,경증의 손 저림을 느끼는 사람는 감각이 약간 둔해졌습니다.,3
2090,중등도의 피부 화상을 입은 사람는 수포가 생겼습니다.,3
2091,경증의 목 쉰 소리를 보이는 사람는 대화는 가능합니다.,3
2092,중등도의 복부 경련을 겪는 사람는 자세를 바꾸기 어렵습니다.,3
2093,경증의 소양증을 느끼는 사람는 피부가 건조합니다.,3
2094,중등도의 발 통증을 호소하는 사람는 걷기가 어렵습니다.,3
2095,경증의 발목 부종을 보이는 사람는 신발이 꽉 끼는 느낌입니다.,3
2096,중등도의 구강 통증을 겪는 사람는 음식을 씹기 어렵습니다.,3
2097,경증의 피로를 느끼는 사람는 활동 시 지치기 쉽습니다.,3
2098,중등도의 손가락 부종을 보이는 사람는 반지를 뺄 수 없습니다.,3
2099,경증의 코 출혈을 보이는 사람는 지혈이 가능합니다.,3
2100,중등도의 어깨 강직을 겪는 사람는 팔을 움직이기 어렵습니다.,3
2101,경증의 배뇨 곤란을 느끼는 사람는 소변이 약간 어렵습니다.,3
2102,중등도의 흉부 불편감을 호소하는 사람는 호흡은 안정적입니다.,3
2103,경증의 근육 통증을 느끼는 사람는 스트레칭으로 완화됩니다.,3
2104,중등도의 목쉰 소리를 겪는 사람는 목이 아픕니다.,3
2105,경증의 식욕 부진을 보이는 사람는 식사를 조금씩 합니다.,3
2106,중등도의 복부 팽만을 느끼는 사람는 소화 불량을 겪고 있습니다.,3
2107,경증의 손목 부종을 보이는 사람는 시계를 착용하기 어렵습니다.,3
2108,중등도의 피부 가려움증을 느끼는 사람는 긁고 있습니다.,3
2109,경증의 발뒤꿈치 통증을 호소하는 사람는 걷는 데 약간 불편함을 느낍니다.,3
2110,중등도의 손 떨림을 보이는 사람는 작은 물건을 잡기 어렵습니다.,3
2111,경증의 눈 피로를 느끼는 사람는 화면을 오래 보기 힘듭니다.,3
2112,중등도의 귀 통증을 겪는 사람는 삼키기가 어렵습니다.,3
2113,경증의 발목 염좌를 겪는 사람는 걸을 때 약간의 통증을 느낍니다.,3
2114,중등도의 손목 통증을 호소하는 사람는 물건을 들기 어렵습니다.,3
2115,경증의 입술 건조를 느끼는 사람는 립밤을 사용하고 있습니다.,3
2116,중등도의 코막힘을 겪는 사람는 숨쉬기가 약간 어렵습니다.,3
2117,경증의 목 통증을 느끼는 사람는 움직임에 약간의 불편함을 느낍니다.,3
2118,중등도의 복부 팽만을 호소하는 사람는 식사를 하기 어렵습니다.,3
2119,경증의 손발 차가움을 느끼는 사람는 보온이 필요합니다.,3
2120,중등도의 어지러움을 느끼는 사람는 일어설 때 균형을 잡기 어렵습니다.,3
2121,경증의 두통을 느끼는 사람는 휴식으로 완화됩니다.,3
2122,중등도의 근육 경련을 겪는 사람는 움직임에 제한이 있습니다.,3
2123,경증의 코 가려움을 느끼는 사람는 재채기를 자주 합니다.,3
2124,중등도의 발열과 두통을 겪는 사람는 휴식이 필요합니다.,3
2125,경증의 손가락 통증을 호소하는 사람는 타자를 칠 때 불편함을 느낍니다.,3
2126,중등도의 소화 불량을 겪는 사람는 복부 불편감을 호소합니다.,3
2127,경증의 눈물 흘림을 보이는 사람는 눈이 약간 자극받은 상태입니다.,3
2128,중등도의 귀울림을 겪는 사람는 청력에 영향을 받고 있습니다.,3
2129,경증의 피부 건조를 느끼는 사람는 보습제를 사용하고 있습니다.,3
2130,중등도의 손발 저림을 호소하는 사람는 감각이 둔해졌습니다.,3
2131,경증의 입맛 변화를 느끼는 사람는 음식 맛을 잘 느끼지 못합니다.,3
2132,중등도의 피로감을 느끼는 사람는 일상 활동에 어려움을 겪고 있습니다.,3
2133,경증의 발 통증을 호소하는 사람는 오래 서 있기 어렵습니다.,3
2134,중등도의 목 강직을 겪는 사람는 고개를 돌리기 어렵습니다.,3
2135,경증의 손가락 부종을 보이는 사람는 반지를 착용하기 어렵습니다.,3
2136,중등도의 눈 충혈을 보이는 사람는 눈이 따갑습니다.,3
2137, 경미한 두통을 느끼지만 일상 활동은 가능합니다.,4
2138,경증의 목 통증을 호소하는 사람는 고개를 돌릴 수 있습니다.,4
2139,경미한 기침을 보이는 사람는 호흡은 안정적입니다.,4
2140, 경미한 피부 가려움증을 느끼지만 심각하지 않습니다.,4
2141,경증의 소화 불량을 겪는 사람는 식사를 할 수 있습니다.,4
2142,경미한 코막힘을 느끼는 사람는 호흡에 큰 어려움이 없습니다.,4
2143, 경증의 눈 피로를 호소하지만 시력은 정상입니다.,4
2144,경미한 근육 통증을 느끼는 사람는 움직임에 제한이 없습니다.,4
2145,경증의 복통을 호소하는 사람는 불편함이 있지만 심각하지 않습니다.,4
2146,경미한 귀 통증을 느끼는 사람는 청력에 이상이 없습니다.,4
2147, 경증의 코피를 흘리지만 지혈이 가능합니다.,4
2148,경미한 손목 통증을 느끼는 사람는 물건을 들 수 있습니다.,4
2149,경증의 발목 통증을 호소하는 사람는 걷기가 가능합니다.,4
2150,경미한 어지러움을 느끼는 사람는 일어서면 약간 불안정합니다.,4
2151, 경증의 발열을 보이지만 전반적으로 건강해 보입니다.,4
2152,경미한 치통을 호소하는 사람는 식사를 할 수 있습니다.,4
2153,경증의 귀울림을 느끼는 사람는 일상 활동에 지장이 없습니다.,4
2154,경미한 손 저림을 느끼는 사람는 감각이 거의 정상입니다.,4
2155, 경증의 발 부종을 보이지만 통증은 없습니다.,4
2156,경미한 피부 발진을 보이는 사람는 가려움이 약간 있습니다.,4
2157,경증의 목 쉰 소리를 보이는 사람는 대화가 가능합니다.,4
2158, 경미한 배뇨 곤란을 느끼지만 큰 불편함은 없습니다.,4
2159,경증의 허리 통증을 호소하는 사람는 움직일 수 있습니다.,4
2160,경미한 발뒤꿈치 통증을 느끼는 사람는 걷기가 가능합니다.,4
2161, 경증의 손가락 부종을 보이지만 기능은 정상입니다.,4
2162,경미한 눈물 흘림을 보이는 사람는 눈이 약간 자극받았습니다.,4
2163,경증의 입술 건조를 느끼는 사람는 수분 섭취로 완화됩니다.,4
2164, 경미한 손발 저림을 느끼지만 일상 활동은 가능합니다.,4
2165,경증의 근육 경련을 겪는 사람는 움직임에 큰 지장이 없습니다.,4
2166,경미한 코 가려움을 느끼는 사람는 재채기를 가끔 합니다.,4
2167, 경증의 손목 부종을 보이지만 시계를 착용할 수 있습니다.,4
2168,경미한 피부 건조를 느끼는 사람는 보습제로 관리 중입니다.,4
2169,경증의 발목 부종을 보이는 사람는 신발 착용이 가능합니다.,4
2170, 경미한 발 통증을 느끼지만 오래 서 있을 수 있습니다.,4
2171,경증의 어깨 통증을 호소하는 사람는 팔을 움직일 수 있습니다.,4
2172,경미한 피로감을 느끼는 사람는 활동 시 약간 지칩니다.,4
2173, 경증의 손가락 통증을 느끼지만 타자를 칠 수 있습니다.,4
2174,경미한 소화 불량을 겪는 사람는 식사를 조금씩 합니다.,4
2175,경증의 목 강직을 느끼는 사람는 고개를 돌릴 수 있습니다.,4
2176, 경미한 입맛 변화를 느끼지만 식사를 할 수 있습니다.,4
2177,경미한 눈 충혈을 보이는 사람는 눈이 약간 따갑습니다.,4
2178,경증의 손발 차가움을 느끼는 사람는 보온으로 완화됩니다.,4
2179, 경미한 두드러기를 보이지만 호흡은 안정적입니다.,4
2180,경미한 구강 통증을 느끼는 사람는 음식을 씹을 수 있습니다.,4
2181,경증의 코막힘을 느끼는 사람는 호흡에 큰 지장이 없습니다.,4
2182, 경미한 어깨 강직을 느끼지만 움직임은 가능합니다.,4
2183,경미한 손 떨림을 보이는 사람는 작은 물건을 잡을 수 있습니다.,4
2184,경증의 눈 피로를 느끼는 사람는 휴식으로 완화됩니다.,4
2185, 경미한 발열과 두통을 느끼지만 일상 활동이 가능합니다.,4
2186,경미한 귀 통증을 느끼는 사람는 청력이 정상입니다.,4
2187,경증의 피부 가려움증을 느끼는 사람는 긁지 않고 참을 수 있습니다.,4
2188, 경미한 발목 염좌를 겪지만 걸을 수 있습니다.,4
2189,경미한 구토와 메스꺼움을 느끼는 사람는 식사가 가능합니다.,4
2190,경증의 배탈로 복통을 호소하는 사람는 화장실을 자주 가지 않습니다.,4
2191, 경미한 코 출혈을 보이지만 지혈이 빠르게 됩니다.,4
2192,경미한 목 통증을 느끼는 사람는 고개를 움직일 수 있습니다.,4
2193, 경미한 피부 화상을 입었지만 수포는 없습니다.,4
2194, 경미한 근육 통증을 느끼지만 움직임에 제한이 없습니다.,4
2195,경증의 눈물 흘림을 보이는 사람는 눈이 약간 자극받았습니다.,4
2196, 경미한 발열을 보이지만 전반적으로 건강해 보입니다.,4
2197,경미한 목 쉰 소리를 보이는 사람는 대화가 가능합니다.,4
2198,경증의 손발 저림을 느끼는 사람는 일상 활동이 가능합니다.,4
2199, 경미한 피부 발진을 보이지만 가려움이 심하지 않습니다.,4
2200,경증의 손목 통증을 느끼는 사람는 물건을 들 수 있습니다.,4
2201, 경미한 피로감을 느끼지만 활동이 가능합니다.,4
2202,경미한 발 통증을 느끼는 사람는 걷기가 가능합니다.,4
2203, 경미한 소화 불량을 겪지만 식사를 할 수 있습니다.,4
2204,경증의 목 통증을 느끼는 사람는 고개를 돌릴 수 있습니다.,4
2205, 경미한 발 부종을 보이지만 통증은 없습니다.,4
2206,경미한 손가락 베임으로 약간의 출혈이 있는 사람,5
2207,작은 긁힘으로 불편함을 느끼는 사람,5
2208,모기에 물려 가려움을 호소하는 사람,5
2209,만성적인 허리 경미한 통증을 겪는 사람,5
2210,피부에 작은 가시가 박혀 불편한 사람,5
2211,햇볕에 노출되어 피부가 약간 붉어진 사람,5
2212,경미한 발목 삠으로 약간의 통증을 느끼는 사람,5
2213,만성적인 무릎 경미한 통증을 호소하는 사람,5
2214,작은 종기로 인해 불편함을 느끼는 사람,5
2215,눈에 먼지가 들어가 이물감을 느끼는 사람,5
2216,경미한 손톱 균열로 통증을 느끼는 사람,5
2217,입술이 터져 약간의 통증을 느끼는 사람,5
2218,경미한 치은염으로 잇몸이 아픈 사람,5
2219,작은 물집이 생겨 불편한 사람,5
2220,피부 건조로 가려움을 느끼는 사람,5
2221,가벼운 코감기로 콧물이 나는 사람,5
2222,종이로 손가락을 베인 사람,5
2223,경미한 발톱 내성으로 통증을 느끼는 사람,5
2224,작은 귀걸이 알레르기로 귀가 가려운 사람,5
2225,경미한 여드름으로 피부가 붉어진 사람,5
2226,작은 멍으로 약간의 통증을 느끼는 사람,5
2227,가벼운 피부 발진으로 가려움을 호소하는 사람,5
2228,귀에 작은 이물질이 들어가 불편한 사람,5
2229,경미한 코피가 나는 사람,5
2230,가벼운 기침을 하는 사람,5
2231,손에 작은 화상으로 약간의 통증을 느끼는 사람,5
2232,입안에 구내염이 생겨 불편한 사람,5
2233,작은 상처로 반창고가 필요한 사람,5
2234,가벼운 발목 부종이 있는 사람,5
2235,눈꺼풀이 떨리는 증상을 보이는 사람,5
2236,경미한 손목 통증을 느끼는 사람,5
2237,가벼운 근육 뭉침으로 불편한 사람,5
2238,피부에 작은 반점이 생겨 걱정하는 사람,5
2239,작은 사마귀가 생겨 제거를 원하는 사람,5
2240,경미한 두통을 느끼는 사람,5
2241,목이 약간 따가운 감기 초기 증상을 보이는 사람,5
2242,경미한 입냄새로 치과 진료를 원하는 사람,5
2243,손톱 주위에 거스러미가 생겨 통증을 느끼는 사람,5
2244,발톱에 작은 균으로 변색이 있는 사람,5
2245,경미한 발바닥 통증을 느끼는 사람,5
2246,피부에 작은 돌기가 생겨 검사받기를 원하는 사람,5
2247,가벼운 코막힘을 느끼는 사람,5
2248,경미한 귀 먹먹함을 느끼는 사람,5
2249,피부에 작은 점이 생겨 확인을 원하는 사람,5
2250,손에 잉크가 묻어 지워지지 않아 고민하는 사람,5
2251,가벼운 변비로 불편함을 느끼는 사람,5
2252,경미한 소화 불량을 겪는 사람,5
2253,손가락 관절이 약간 뻣뻣한 사람,5
2254,눈이 약간 충혈된 사람,5
2255,작은 칼에 손가락을 살짝 베인 사람,5
2256,입술에 작은 물집이 생긴 사람,5
2257,발에 티눈이 생겨 불편한 사람,5
2258,가벼운 어깨 결림을 느끼는 사람,5
2259,경미한 기침과 목 아픔을 느끼는 사람,5
2260,손에 잔가시가 박혀 불편한 사람,5
2261,피부에 작은 혹이 생겨 걱정하는 사람,5
2262,발뒤꿈치가 갈라져 통증을 느끼는 사람,5
2263,경미한 알레르기로 재채기를 하는 사람,5
2264,손목에 작은 붉은 반점이 생긴 사람,5
2265,입안에 작은 궤양이 생겨 불편한 사람,5
2266,눈에 약간의 이물감을 느끼는 사람,5
2267,경미한 근육통을 겪는 사람,5
2268,손가락 관절에 약간의 통증을 느끼는 사람,5
2269,발에 물집이 생겨 불편한 사람,5
2270,경미한 다래끼가 생긴 사람,5
2271,손가락 마디가 약간 붓는 사람,5
2272,경미한 잇몸 출혈이 있는 사람,5
2273,가벼운 입술 갈라짐을 겪는 사람,5
2274,손목에 작은 멍이 든 사람,5
2275,발에 굳은살이 생겨 제거를 원하는 사람,5
2276,경미한 귀 가려움을 느끼는 사람,5
2277,손에 화학물질 자국이 남아 걱정하는 사람,5
2278,피부에 작은 벌레 물림 자국이 있는 사람,5
2279,경미한 턱 통증을 느끼는 사람,5
2280,손가락에 작은 물집이 생긴 사람,5
2281,가벼운 두피 가려움을 느끼는 사람,5
2282,발톱이 약간 부러져 통증을 느끼는 사람,5
2283,경미한 코 가려움을 느끼는 사람,5
2284,손등에 작은 상처가 난 사람,5
2285,가벼운 손발톱 무좀을 겪는 사람,5
